<?xml version="1.0" encoding="UTF-8"?><metadata>
    <idinfo>
        <citation>
            <citeinfo>
                <pubdate>20191105</pubdate>
                <title>Passenger Rail Stations (2019)</title>
            </citeinfo>
        </citation>
        <descript>
            <abstract>Existing passenger, commuter, and light rail stations and stops for the San Francisco Bay Region. Cable Car stops in San Francisco are included in the light rail category. Rail stations and stops for the region are included for the following systems:Altamont Corridor Express (ACE)Amtrak (Capitol Corridor and regular passenger service)Bay Area Rapid Transit (BART)CaltrainSan Francisco Municipal Railway (MUNI) (light rail and cable car)Santa Clara Valley Transportation Authority (VTA)Sonoma-Marin Area Rail Transit (SMART)</abstract>
            <purpose>Existing passenger, commuter, and light rail stations and stops for the San Francisco Bay Region.</purpose>
        </descript>
        <keywords>
            <theme>
                <themekt>None</themekt>
                <themekey>transportation</themekey>
                <themekey>mtc</themekey>
                <themekey>metropolitan transportation commission</themekey>
                <themekey>abag</themekey>
                <themekey>association of bay area governments</themekey>
                <themekey>transit</themekey>
                <themekey>rail</themekey>
                <themekey>station</themekey>
            </theme>
        </keywords>
        <accconst>None</accconst>
        <useconst>This data is intended for planning purposes only. The Metropolitan Transportation Commission (MTC) provides spatial and attribute data (also referred to as &amp;quot;information&amp;quot;) &amp;quot;as-is,&amp;quot; and shall incur no responsibility or liability as to the completeness, currentness, or accuracy of this information. The MTC, and other agencies/cities/counties from which the data were sourced, assume no responsibility arising from use of this information by individuals, businesses, or other public entities. The data is provided with no warranty of any kind, expressed or implied, including but not limited to the implied warranties of merchantability and fitness for a particular purpose. Do not make any decisions based on this data before validating your decision with the appropriate city, county, or government entity.</useconst>
        <datacred>Metropolitan Transportation Commission, 2019</datacred>
    </idinfo>
    <metainfo>
        <metd>20191105</metd>
        <metc>
            <cntinfo>
                <!--no contact person or organization name available-->
            </cntinfo>
        </metc>
        <metstdn>FGDC Content Standard for Digital Geospatial Metadata</metstdn>
        <metstdv>FGDC-STD-001-1998</metstdv>
        <mettc>local time</mettc>
    </metainfo>
</metadata>
