,NAME,c_race,c_white,c_black,c_asian,c_latinx,state_fips,county_fips,tract_fips,med_rent,med_hhinc,c_tenants,c_owners,c_renters,c_movers,c_stay,c_movelocal,c_movecounty,c_movestate,c_moveabroad,c_commute,c_car,c_carpool,c_transit,c_bike,c_walk,year,FIPS_11_digit,p_white,p_black,p_asian,p_latinx,p_owners,p_renters,p_stay,p_movelocal,p_movecounty,p_movestate,p_moveabroad,p_car,p_carpool,p_transit,p_bike,p_walk
8251,"Census Tract 156, San Francisco County, California",3432,1585,71,1116,436,6,75,15600,1798.0,95000.0,1450,392,1058,3383,2710,266,166,156,85,1773,637,198,482,65,178,2018,06075015600,0.4618298368298368,0.020687645687645688,0.3251748251748252,0.12703962703962704,0.2703448275862069,0.7296551724137931,0.8010641442506651,0.07862843629914278,0.049068873780668036,0.046112917528820574,0.02512562814070352,0.359278059785674,0.1116751269035533,0.2718556119571348,0.036661026508742235,0.10039481105470953
8252,"Census Tract 102, San Francisco County, California",4299,3364,60,574,146,6,75,10200,2449.0,134176.0,2541,909,1632,4241,3423,383,121,187,127,2841,739,127,888,101,507,2018,06075010200,0.7825075598976506,0.013956734124214934,0.1335194231216562,0.033961386368923006,0.3577331759149941,0.6422668240850059,0.8071209620372554,0.09030888941287432,0.028531006838009906,0.04409337420419712,0.029945767507663288,0.2601196761703625,0.04470256951777543,0.3125659978880676,0.03555086237240408,0.17845828933474128
8253,"Census Tract 108, San Francisco County, California",4860,2209,0,2129,375,6,75,10800,1779.0,102243.0,2466,614,1852,4860,4153,290,99,204,114,2967,474,279,619,67,1003,2018,06075010800,0.4545267489711934,0.0,0.4380658436213992,0.07716049382716049,0.2489862124898621,0.7510137875101379,0.8545267489711934,0.059670781893004114,0.02037037037037037,0.04197530864197531,0.02345679012345679,0.1597573306370071,0.09403437815975732,0.2086282440175261,0.022581732389619143,0.3380519042804179
8254,"Census Tract 331, San Francisco County, California",3861,1433,16,1967,217,6,75,33100,3313.0,114783.0,1416,1177,239,3830,3522,246,27,13,22,1961,1154,170,301,32,62,2018,06075033100,0.3711473711473712,0.004144004144004143,0.5094535094535094,0.056203056203056205,0.8312146892655368,0.1687853107344633,0.9195822454308094,0.06422976501305483,0.007049608355091384,0.0033942558746736288,0.005744125326370757,0.5884752677205507,0.08669046404895461,0.1534931157572667,0.01631820499745028,0.03161652218255992
8255,"Census Tract 402, San Francisco County, California",5541,3174,0,1785,416,6,75,40200,1891.0,105507.0,2319,970,1349,5506,5106,241,90,18,51,3165,1385,120,990,190,232,2018,06075040200,0.5728207904710341,0.0,0.3221440173253925,0.07507670095650605,0.4182837429926693,0.5817162570073308,0.9273519796585544,0.04377043225572103,0.01634580457682528,0.0032691609153650564,0.009262622593534326,0.4375987361769352,0.03791469194312797,0.3127962085308057,0.06003159557661927,0.07330173775671406
8442,"Census Tract 428, San Francisco County, California",2490,1797,0,471,80,6,75,42800,2152.0,164750.0,923,704,219,2438,2262,118,17,7,34,940,524,102,104,58,20,2018,06075042800,0.7216867469879518,0.0,0.1891566265060241,0.0321285140562249,0.7627302275189599,0.2372697724810401,0.9278096800656276,0.04840032813781788,0.00697292863002461,0.002871205906480722,0.01394585726004922,0.5574468085106383,0.10851063829787234,0.11063829787234042,0.061702127659574474,0.02127659574468085
8443,"Census Tract 234, San Francisco County, California",3663,134,732,724,1563,6,75,23400,668.0,41724.0,968,498,470,3648,3525,91,12,0,20,1792,700,170,588,18,105,2018,06075023400,0.03658203658203658,0.19983619983619985,0.1976521976521977,0.4266994266994267,0.5144628099173554,0.4855371900826446,0.966282894736842,0.02494517543859649,0.003289473684210526,0.0,0.005482456140350878,0.390625,0.09486607142857142,0.328125,0.010044642857142858,0.05859375
8444,"Census Tract 165, San Francisco County, California",5487,3647,373,603,517,6,75,16500,1865.0,132750.0,2252,621,1631,5395,4239,588,195,373,0,3452,775,181,1233,278,394,2018,06075016500,0.6646619281939129,0.06797885912156006,0.10989611809732094,0.09422270821942774,0.2757548845470693,0.7242451154529307,0.7857275254865617,0.10898980537534754,0.03614457831325301,0.06913809082483781,0.0,0.2245075318655852,0.052433371958285055,0.3571842410196987,0.08053302433371959,0.11413673232908457
8445,"Census Tract 307, San Francisco County, California",7022,3586,272,1835,779,6,75,30700,3219.0,146618.0,2684,2180,504,6943,6091,630,88,50,84,3541,2101,258,748,51,98,2018,06075030700,0.5106807177442324,0.03873540301908288,0.2613215608088864,0.11093705497009397,0.8122205663189269,0.18777943368107305,0.8772864755869221,0.09073887368572664,0.012674636324355466,0.0072014979115656045,0.01209851649143022,0.5933352160406665,0.07286077379271393,0.211239762778876,0.014402711098559728,0.027675797797232417
8446,"Census Tract 351, San Francisco County, California",9053,2890,133,4546,613,6,75,35100,1985.0,121156.0,2855,1598,1257,8990,8185,426,155,29,195,4804,2240,534,1182,191,42,2018,06075035100,0.3192311940793107,0.014691262564895616,0.5021539821053794,0.06771236054346626,0.5597197898423818,0.4402802101576182,0.9104560622914348,0.04738598442714127,0.017241379310344827,0.0032258064516129032,0.021690767519466074,0.466278101582015,0.11115736885928393,0.24604496253122402,0.039758534554537886,0.008742714404662781
8447,"Census Tract 130, San Francisco County, California",4863,4074,0,420,175,6,75,13000,2169.0,161397.0,2535,512,2023,4771,4058,452,188,73,0,3622,992,387,1179,57,294,2018,06075013000,0.8377544725478101,0.0,0.0863664404688464,0.035986016862019334,0.2019723865877712,0.7980276134122288,0.8505554391112974,0.09473904841752254,0.03940473695242088,0.015300775518759168,0.0,0.2738818332413032,0.10684704583103258,0.3255107675317504,0.015737161789066815,0.0811706239646604
8448,"Census Tract 260.02, San Francisco County, California",3527,780,190,1453,940,6,75,26002,2145.0,100000.0,976,772,204,3493,3185,137,71,84,16,1943,822,179,793,66,11,2018,06075026002,0.2211511199319535,0.05387014459880919,0.4119648426424724,0.2665154522256876,0.7909836065573771,0.20901639344262296,0.9118236472945892,0.03922129974234183,0.020326367019753797,0.02404809619238477,0.004580589750930432,0.42305712815234175,0.092125579001544,0.4081317550180134,0.03396809058157488,0.005661348430262481
8449,"Census Tract 264.02, San Francisco County, California",5164,432,422,2361,1708,6,75,26402,2380.0,82010.0,1214,810,404,5016,4218,641,79,4,74,2734,1470,323,771,0,11,2018,06075026402,0.08365608055770721,0.08171959721146398,0.4572037180480248,0.3307513555383424,0.6672158154859967,0.3327841845140033,0.8409090909090909,0.12779106858054226,0.015749601275917062,0.0007974481658692185,0.01475279106858054,0.5376737381126554,0.11814191660570593,0.28200438917337234,0.0,0.004023408924652524
8450,"Census Tract 303.01, San Francisco County, California",5663,2318,118,2418,370,6,75,30301,2149.0,141125.0,2291,1310,981,5582,4829,354,187,95,117,3137,1157,449,900,146,160,2018,06075030301,0.4093236800282536,0.020837012184354586,0.42698216493024893,0.06533639413738301,0.5718027062418158,0.4281972937581842,0.8651021139376568,0.06341812970261555,0.03350053744177714,0.017018989609458975,0.02096022930849158,0.3688237169270003,0.14313037934332165,0.2868983104877271,0.04654128147912018,0.05100414408670705
8451,"Census Tract 308, San Francisco County, California",6584,3131,314,2262,725,6,75,30800,2270.0,152351.0,2278,1627,651,6554,6195,133,6,183,37,3459,1149,253,1365,62,342,2018,06075030800,0.475546780072904,0.0476913730255164,0.3435601458080195,0.11011543134872416,0.7142230026338894,0.2857769973661106,0.9452242905096124,0.02029295086969789,0.0009154714678059199,0.02792187976808056,0.005645407384803174,0.33217692974848223,0.0731425267418329,0.3946227233304424,0.01792425556519225,0.09887250650477017
8452,"Census Tract 254.02, San Francisco County, California",3284,1299,93,1010,806,6,75,25402,1969.0,129405.0,1118,761,357,3228,2898,220,19,66,25,1958,1173,130,449,3,97,2018,06075025402,0.39555420219244825,0.028319123020706456,0.30755176613885504,0.2454323995127893,0.6806797853309481,0.31932021466905186,0.8977695167286245,0.06815365551425033,0.005885997521685254,0.02044609665427509,0.007744733581164807,0.5990806945863125,0.06639427987742594,0.2293156281920327,0.0015321756894790602,0.04954034729315628
8453,"Census Tract 479.01, San Francisco County, California",7597,2949,87,3868,370,6,75,47901,1767.0,99750.0,2669,1490,1179,7597,6770,496,222,84,25,4142,1569,856,990,207,191,2018,06075047901,0.388179544557062,0.011451888903514543,0.5091483480321181,0.048703435566671054,0.5582615211689771,0.4417384788310229,0.8911412399631433,0.06528892984072661,0.029222061340002638,0.0110569961827037,0.00329077267342372,0.3788025108643168,0.2066634476098503,0.23901496861419605,0.04997585707387736,0.046112988894253984
8454,"Census Tract 262, San Francisco County, California",7583,490,91,5475,1358,6,75,26200,1574.0,77928.0,1995,1280,715,7544,7240,151,75,6,72,4040,1892,453,1416,0,97,2018,06075026200,0.06461822497692206,0.012000527495714095,0.7220097586707108,0.17908479493604115,0.6416040100250626,0.3583959899749373,0.9597030752916224,0.02001590668080594,0.009941675503711559,0.0007953340402969247,0.009544008483563095,0.4683168316831683,0.11212871287128713,0.3504950495049505,0.0,0.02400990099009901
8455,"Census Tract 216, San Francisco County, California",4345,2443,199,747,489,6,75,21600,2607.0,143929.0,2116,1376,740,4273,3713,357,109,18,76,2457,899,124,1046,58,37,2018,06075021600,0.5622554660529344,0.04579976985040276,0.171921749136939,0.11254315304948216,0.6502835538752363,0.3497164461247637,0.8689445354551837,0.08354785864732038,0.025509010063187457,0.004212497074654809,0.017786098759653642,0.3658933658933659,0.05046805046805047,0.42572242572242575,0.02360602360602361,0.015059015059015059
8456,"Census Tract 309, San Francisco County, California",7314,3125,159,3208,473,6,75,30900,2796.0,171595.0,2343,2178,165,7314,6583,413,304,0,14,3747,1920,436,812,34,231,2018,06075030900,0.4272627837024884,0.021739130434782608,0.4386108832376265,0.06467049494120865,0.9295774647887324,0.07042253521126761,0.9000546896363141,0.056467049494120874,0.04156412359857807,0.0,0.001914137270987148,0.5124099279423538,0.11635975447024285,0.2167066986922872,0.009073925807312515,0.06164931945556445
8822,"Census Tract 477.01, San Francisco County, California",4469,1675,0,2059,328,6,75,47701,1713.0,86848.0,2024,724,1300,4423,3909,240,116,125,33,2707,1019,185,1189,24,54,2018,06075047701,0.3748042067576639,0.0,0.4607294696800179,0.07339449541284404,0.3577075098814229,0.642292490118577,0.8837892832918833,0.05426181324892607,0.026226543070314263,0.028261361067148993,0.007460999321727334,0.3764314739564093,0.06834133727373476,0.4392316217214629,0.008865903213889916,0.01994828223125231
8823,"Census Tract 477.02, San Francisco County, California",3877,1616,29,1861,241,6,75,47702,1703.0,98958.0,1512,652,860,3844,3688,69,19,68,0,2145,842,211,724,160,93,2018,06075047702,0.4168171266443126,0.007480010317255609,0.48001031725561,0.06216146505029663,0.4312169312169312,0.5687830687830688,0.9594172736732571,0.017950052029136316,0.004942767950052029,0.017689906347554633,0.0,0.39254079254079255,0.09836829836829836,0.33752913752913755,0.07459207459207459,0.04335664335664336
8824,"Census Tract 605.02, San Francisco County, California",3488,115,880,1278,995,6,75,60502,338.0,26350.0,997,212,785,3464,3201,236,24,0,3,1265,468,157,611,7,0,2018,06075060502,0.03297018348623853,0.25229357798165136,0.3663990825688073,0.2852637614678899,0.21263791374122368,0.7873620862587764,0.9240762124711316,0.06812933025404158,0.006928406466512702,0.0,0.0008660508083140878,0.3699604743083004,0.1241106719367589,0.48300395256917,0.005533596837944664,0.0
8825,"Census Tract 607, San Francisco County, California",12180,4312,568,5225,1781,6,75,60700,3017.0,158667.0,5870,1980,3890,11873,8807,1080,718,673,595,7571,1668,675,2494,279,1716,2018,06075060700,0.35402298850574715,0.046633825944170766,0.4289819376026273,0.14622331691297208,0.3373083475298126,0.6626916524701874,0.7417670344479069,0.09096268845279204,0.060473342878800636,0.05668323085993431,0.05011370336056599,0.22031435741645752,0.08915598996169595,0.3294148725399551,0.03685114251750099,0.2266543389248448
8826,"Census Tract 479.02, San Francisco County, California",3771,1595,22,1503,195,6,75,47902,1930.0,94688.0,1516,751,765,3732,3260,208,158,58,48,2071,1002,58,512,54,137,2018,06075047902,0.4229647308406258,0.005833996287456907,0.3985680190930788,0.051710421638822585,0.4953825857519789,0.5046174142480211,0.8735262593783494,0.055734190782422297,0.04233654876741694,0.015541264737406215,0.012861736334405145,0.4838242394978272,0.02800579430226944,0.2472235634958957,0.02607436021245775,0.06615161757605023
8827,"Census Tract 604, San Francisco County, California",1557,830,66,462,135,6,75,60400,1707.0,64153.0,989,174,815,1557,1218,115,133,12,79,700,483,107,86,6,1,2018,06075060400,0.5330764290301863,0.04238921001926782,0.29672447013487474,0.08670520231213873,0.17593528816986856,0.8240647118301314,0.7822736030828517,0.07385998715478484,0.08542068079640333,0.007707129094412331,0.05073859987154785,0.69,0.15285714285714286,0.12285714285714285,0.008571428571428572,0.0014285714285714286
8828,"Census Tract 109, San Francisco County, California",4510,3149,94,1046,91,6,75,10900,2346.0,145417.0,2547,542,2005,4510,3738,400,160,157,55,3094,673,123,956,49,680,2018,06075010900,0.6982261640798226,0.020842572062084255,0.2319290465631929,0.020177383592017737,0.21279937180997247,0.7872006281900275,0.8288248337028825,0.08869179600886919,0.03547671840354767,0.034811529933481154,0.012195121951219513,0.21751777634130576,0.03975436328377505,0.3089851325145443,0.01583710407239819,0.21978021978021975
8829,"Census Tract 118, San Francisco County, California",1477,139,1,1295,21,6,75,11800,684.0,29338.0,735,12,723,1477,1362,57,9,21,28,743,67,20,293,7,320,2018,06075011800,0.0941096817874069,0.0006770480704129992,0.8767772511848341,0.014218009478672985,0.0163265306122449,0.9836734693877552,0.9221394719025052,0.03859174001354096,0.006093432633716994,0.014218009478672985,0.018957345971563986,0.0901749663526245,0.026917900403768503,0.3943472409152086,0.009421265141318977,0.4306864064602961
8830,"Census Tract 121, San Francisco County, California",4002,1751,192,1120,777,6,75,12100,1673.0,72806.0,2176,133,2043,4000,2821,387,347,264,181,2586,167,56,793,37,1027,2018,06075012100,0.4375312343828086,0.047976011994003004,0.2798600699650175,0.19415292353823088,0.06112132352941176,0.9388786764705882,0.70525,0.09675,0.08675,0.066,0.04525,0.06457849961330239,0.021655065738592418,0.3066511987625677,0.01430781129156999,0.39713843774168606
8831,"Census Tract 128, San Francisco County, California",4436,3564,1,249,538,6,75,12800,2211.0,154917.0,2295,776,1519,4324,3510,418,136,211,49,2822,1023,203,1077,134,172,2018,06075012800,0.8034265103697025,0.0002254283137962128,0.056131650135256984,0.12128043282236248,0.3381263616557734,0.6618736383442266,0.8117483811285846,0.09666975023126737,0.03145235892691952,0.04879740980573543,0.011332099907493063,0.3625088589652729,0.07193479801559177,0.3816442239546421,0.04748405386250886,0.06094968107725018
8832,"Census Tract 155, San Francisco County, California",3532,1653,67,1279,312,6,75,15500,1322.0,64412.0,2324,261,2063,3532,2785,394,164,125,64,1985,422,44,798,54,361,2018,06075015500,0.4680067950169876,0.018969422423556058,0.3621177802944507,0.08833522083805209,0.11230636833046473,0.8876936316695353,0.7885050962627407,0.1115515288788222,0.0464326160815402,0.035390713476783686,0.01812004530011325,0.21259445843828714,0.02216624685138539,0.402015113350126,0.027204030226700253,0.18186397984886649
8833,"Census Tract 161, San Francisco County, California",5140,1180,1660,1553,344,6,75,16100,762.0,22500.0,2544,213,2331,5140,4483,260,202,129,66,2201,580,33,1105,94,209,2018,06075016100,0.22957198443579765,0.3229571984435798,0.30214007782101165,0.0669260700389105,0.08372641509433963,0.9162735849056604,0.8721789883268483,0.05058365758754864,0.03929961089494163,0.02509727626459144,0.012840466926070037,0.2635165833711949,0.014993184915947297,0.5020445252158111,0.04270786006360745,0.09495683780099956
8834,"Census Tract 163, San Francisco County, California",4745,2855,376,625,567,6,75,16300,2153.0,148365.0,2023,422,1601,4730,3965,416,159,148,42,3387,664,291,1107,537,384,2018,06075016300,0.6016859852476291,0.07924130663856692,0.13171759747102213,0.11949420442571128,0.20860108749382106,0.7913989125061791,0.8382663847780126,0.0879492600422833,0.033615221987315015,0.03128964059196617,0.00887949260042283,0.19604369648656628,0.08591674047829938,0.32683790965456155,0.15854738706820196,0.1133746678476528
8835,"Census Tract 176.01, San Francisco County, California",9244,2285,1153,3970,1261,6,75,17601,995.0,46563.0,5273,247,5026,9204,7428,718,505,398,155,5649,789,0,2027,226,2105,2018,06075017601,0.24718736477715275,0.12472955430549545,0.42946776287321503,0.13641280830809174,0.046842404703205005,0.9531575952967951,0.8070404172099087,0.07800956106040853,0.05486744893524555,0.04324206866579748,0.016840504128639727,0.13967073818374934,0.0,0.3588245707204815,0.04000708089927421,0.3726323243051868
8836,"Census Tract 201, San Francisco County, California",6039,1972,345,977,2398,6,75,20100,1126.0,46750.0,3309,619,2690,5884,4498,722,189,378,97,3452,532,77,1757,282,586,2018,06075020100,0.32654412982281833,0.057128663686040734,0.16178175194568634,0.3970856102003643,0.18706557872469026,0.8129344212753098,0.7644459551325629,0.12270564242012234,0.03212100611828688,0.06424201223657376,0.016485384092454113,0.1541135573580533,0.022305909617612973,0.5089803012746235,0.0816917728852839,0.16975666280417148
8837,"Census Tract 206, San Francisco County, California",5203,3775,147,617,358,6,75,20600,2112.0,147213.0,2738,1057,1681,5120,4392,308,158,90,172,3372,973,148,1428,216,144,2018,06075020600,0.7255429559869306,0.028252931001345374,0.1185854314818374,0.0688064578128003,0.3860482103725347,0.6139517896274653,0.8578125,0.06015625,0.030859375,0.017578125,0.03359375,0.28855278766310793,0.043890865954922885,0.4234875444839858,0.06405693950177936,0.04270462633451957
8838,"Census Tract 209, San Francisco County, California",4746,1975,116,611,1889,6,75,20900,1601.0,106875.0,1887,278,1609,4730,4052,285,191,159,43,3156,582,154,1654,241,250,2018,06075020900,0.4161399072903498,0.024441635061104087,0.12873999157184998,0.3980193847450485,0.14732379438261792,0.8526762056173821,0.8566596194503171,0.06025369978858351,0.04038054968287527,0.033615221987315015,0.00909090909090909,0.1844106463878327,0.048795944233206594,0.5240811153358682,0.07636248415716096,0.07921419518377694
8839,"Census Tract 218, San Francisco County, California",4332,2947,149,447,594,6,75,21800,1925.0,173372.0,1868,1086,782,4284,3553,354,183,156,38,2535,1023,116,910,116,55,2018,06075021800,0.680286241920591,0.034395198522622336,0.10318559556786704,0.1371191135734072,0.5813704496788008,0.4186295503211992,0.8293650793650794,0.08263305322128851,0.04271708683473389,0.036414565826330535,0.008870214752567693,0.4035502958579882,0.04575936883629191,0.35897435897435903,0.04575936883629191,0.021696252465483238
8840,"Census Tract 226, San Francisco County, California",2648,1540,106,584,242,6,75,22600,3151.0,186318.0,1241,529,712,2594,1859,337,149,181,68,2000,382,105,835,234,228,2018,06075022600,0.5815709969788521,0.04003021148036254,0.22054380664652568,0.09138972809667674,0.4262691377921031,0.5737308622078968,0.7166538164996145,0.12991518889745568,0.05744024672320741,0.0697764070932922,0.026214340786430226,0.191,0.0525,0.4175,0.11699999999999999,0.114
8841,"Census Tract 231.02, San Francisco County, California",4526,203,2391,731,719,6,75,23102,596.0,31065.0,1579,501,1078,4401,4118,216,29,17,21,1707,776,292,524,19,78,2018,06075023102,0.0448519664162616,0.5282810428634556,0.1615112682280159,0.15885992045956696,0.31728942368587715,0.6827105763141229,0.935696432628948,0.049079754601227,0.006589411497386958,0.0038627584639854577,0.004771642808452625,0.4545987111892209,0.17106033977738722,0.30697129466901,0.011130638547158758,0.04569420035149385
8842,"Census Tract 251, San Francisco County, California",3573,1812,302,596,620,6,75,25100,1821.0,153021.0,1327,968,359,3548,3134,316,88,10,0,2061,723,242,597,132,90,2018,06075025100,0.5071368597816961,0.08452280996361601,0.16680660509375875,0.17352364959417854,0.7294649585531273,0.2705350414468726,0.883314543404735,0.08906426155580609,0.02480270574971815,0.002818489289740699,0.0,0.3508005822416303,0.11741872877244056,0.28966521106259097,0.06404657933042213,0.04366812227074236
8843,"Census Tract 170, San Francisco County, California",4268,3041,69,667,202,6,75,17000,2504.0,185435.0,2230,1227,1003,4228,3631,311,89,118,79,3101,902,68,1365,107,240,2018,06075017000,0.7125117150890347,0.016166822867853797,0.1562792877225867,0.047328959700093716,0.5502242152466368,0.4497757847533632,0.85879848628193,0.07355723746452224,0.021050141911069062,0.027909176915799437,0.01868495742667928,0.290873911641406,0.0219284101902612,0.4401805869074492,0.0345049983876169,0.07739438890680425
8844,"Census Tract 180, San Francisco County, California",3091,1395,382,753,321,6,75,18000,2553.0,148698.0,1289,543,746,3091,1814,695,390,148,44,1888,203,86,516,158,667,2018,06075018000,0.4513102555807182,0.12358460045292785,0.2436104820446457,0.10384988676803623,0.4212567882079131,0.5787432117920869,0.5868650922031705,0.22484632804917504,0.1261727596247169,0.047880944678097705,0.014234875444839857,0.10752118644067796,0.04555084745762712,0.2733050847457627,0.0836864406779661,0.3532838983050847
8845,"Census Tract 215, San Francisco County, California",5435,3418,194,497,934,6,75,21500,2363.0,146638.0,2466,1168,1298,5322,4384,476,202,184,76,3677,1194,155,1489,261,37,2018,06075021500,0.6288868445262189,0.035694572217111316,0.09144434222631097,0.1718491260349586,0.4736415247364152,0.5263584752635847,0.823750469748215,0.08944006012777153,0.03795565576850808,0.03457346862081924,0.01428034573468621,0.3247212401414196,0.04215392983410389,0.4049496872450367,0.07098177862387818,0.010062550992657055
9900,"Census Tract 228.03, San Francisco County, California",5117,1775,153,631,2431,6,75,22803,2085.0,123000.0,1580,623,957,5069,4346,341,240,106,36,3278,804,144,1232,393,308,2018,06075022803,0.3468829392222005,0.029900332225913626,0.12331444205589212,0.4750830564784053,0.3943037974683544,0.6056962025316456,0.8573683172223319,0.06727165121325705,0.04734661668968238,0.020911422371276387,0.007101992503452358,0.24527150701647346,0.04392922513727883,0.3758389261744967,0.1198901769371568,0.09395973154362416
9904,"Census Tract 264.04, San Francisco County, California",2843,131,288,1443,722,6,75,26404,1422.0,54805.0,701,386,315,2800,2724,10,22,0,44,1377,663,112,416,0,27,2018,06075026404,0.04607808652831516,0.10130144213858601,0.5075624340485403,0.2539570875835385,0.5506419400855921,0.449358059914408,0.9728571428571428,0.0035714285714285718,0.007857142857142858,0.0,0.015714285714285715,0.4814814814814815,0.0813362381989833,0.3021060275962237,0.0,0.0196078431372549
9905,"Census Tract 306, San Francisco County, California",2516,1301,18,639,366,6,75,30600,3197.0,172500.0,896,744,152,2457,2295,99,45,11,7,1098,599,54,345,21,25,2018,06075030600,0.5170906200317965,0.007154213036565978,0.2539745627980922,0.14546899841017488,0.8303571428571429,0.16964285714285715,0.934065934065934,0.040293040293040296,0.01831501831501832,0.004477004477004477,0.0028490028490028487,0.5455373406193078,0.049180327868852465,0.3142076502732241,0.01912568306010929,0.022768670309653915
9906,"Census Tract 310, San Francisco County, California",3520,1670,68,1228,426,6,75,31000,1894.0,153456.0,1307,1053,254,3473,3165,188,88,13,19,1709,860,228,434,19,24,2018,06075031000,0.4744318181818182,0.019318181818181814,0.3488636363636364,0.12102272727272728,0.8056618209640398,0.1943381790359602,0.9113158652461848,0.05413187446012093,0.025338324215375758,0.0037431615318168727,0.005470774546501585,0.5032182562902282,0.1334113516676419,0.25394967817437103,0.011117612638970159,0.014043300175541252
9907,"Census Tract 332.01, San Francisco County, California",4483,1342,353,1024,1467,6,75,33201,1680.0,34706.0,620,0,620,4483,1260,349,2681,103,90,1870,277,46,920,0,578,2018,06075033201,0.2993531117555209,0.07874191389694403,0.22841846977470445,0.3272362257416908,0.0,1.0,0.28106178898059336,0.07784965424938657,0.5980370287753737,0.02297568592460406,0.02007584207004238,0.1481283422459893,0.024598930481283417,0.4919786096256685,0.0,0.3090909090909091
9908,"Census Tract 111, San Francisco County, California",4778,2574,295,1385,316,6,75,11100,1640.0,105561.0,3144,252,2892,4749,3741,581,221,164,42,3617,551,175,1047,126,1281,2018,06075011100,0.5387191293428213,0.06174131435747175,0.28987023859355376,0.06613645876935957,0.08015267175572519,0.9198473282442748,0.7877447883765003,0.12234154558854494,0.0465361128658665,0.034533586018109075,0.008843967150979154,0.1523361902128836,0.048382637544926735,0.2894664086259331,0.03483549903234725,0.3541609068288637
9909,"Census Tract 117, San Francisco County, California",1768,556,55,834,233,6,75,11700,1009.0,63958.0,1019,82,937,1743,1561,82,43,38,19,1046,99,33,273,37,520,2018,06075011700,0.31447963800904977,0.031108597285067874,0.4717194570135746,0.13178733031674209,0.08047105004906771,0.9195289499509324,0.8955823293172691,0.04704532415375789,0.024670109007458405,0.021801491681009755,0.010900745840504877,0.09464627151051626,0.03154875717017208,0.2609942638623327,0.03537284894837476,0.49713193116634796
10317,"Census Tract 154, San Francisco County, California",5970,3603,72,1572,328,6,75,15400,2267.0,125651.0,2865,849,2016,5880,4775,585,263,197,60,3896,1103,561,1414,140,206,2018,06075015400,0.6035175879396985,0.012060301507537688,0.2633165829145729,0.05494137353433836,0.2963350785340314,0.7036649214659686,0.8120748299319728,0.09948979591836736,0.04472789115646258,0.033503401360544215,0.010204081632653059,0.2831108829568789,0.14399383983572894,0.3629363449691992,0.03593429158110883,0.05287474332648871
10318,"Census Tract 104, San Francisco County, California",4430,2700,2,1153,265,6,75,10400,2142.0,111105.0,2418,988,1430,4378,3945,135,126,90,82,2829,744,47,517,131,1180,2018,06075010400,0.6094808126410836,0.0004514672686230248,0.2602708803611738,0.05981941309255079,0.4086021505376344,0.5913978494623656,0.9010963910461398,0.030835998172681588,0.02878026496116948,0.02055733211512106,0.018730013704888075,0.26299045599151644,0.01661364439731354,0.18275008837044893,0.046306115235065386,0.4171085189112761
10319,"Census Tract 255, San Francisco County, California",9754,2164,106,4048,3142,6,75,25500,1806.0,114015.0,2768,1830,938,9594,8464,646,156,72,256,5239,2527,397,1612,110,90,2018,06075025500,0.22185769940537212,0.010867336477342629,0.4150092269838015,0.3221242567151938,0.6611271676300579,0.3388728323699422,0.8822180529497603,0.06733375026057953,0.016260162601626018,0.0075046904315197,0.026683343756514488,0.4823439587707578,0.07577782019469365,0.3076923076923077,0.02099637335369345,0.017178850925749188
10320,"Census Tract 256, San Francisco County, California",5403,686,73,3073,1357,6,75,25600,1096.0,85288.0,1482,1116,366,5380,5167,113,84,7,9,2831,1467,533,625,28,62,2018,06075025600,0.12696650009254118,0.013511012400518229,0.5687580973533223,0.25115676476031834,0.7530364372469636,0.24696356275303644,0.9604089219330856,0.02100371747211896,0.015613382899628252,0.0013011152416356874,0.0016728624535315983,0.518191451783822,0.1882726951607206,0.22077004592016955,0.009890498057223595,0.021900388555280818
10321,"Census Tract 258, San Francisco County, California",2020,303,113,1169,409,6,75,25800,1578.0,91250.0,613,350,263,1991,1890,59,26,1,15,1064,527,153,302,0,17,2018,06075025800,0.15,0.055940594059405935,0.5787128712871287,0.2024752475247525,0.5709624796084829,0.4290375203915171,0.9492717227523856,0.029633350075339026,0.013058764439979907,0.0005022601707684581,0.0075339025615268704,0.4953007518796992,0.143796992481203,0.28383458646616544,0.0,0.015977443609022556
10322,"Census Tract 260.01, San Francisco County, California",6018,635,134,2403,2625,6,75,26001,1645.0,74883.0,1591,952,639,5966,5586,224,112,44,0,2997,1169,381,979,75,119,2018,06075026001,0.1055167829843802,0.02226653373213692,0.39930209371884345,0.4361914257228315,0.5983658076681333,0.4016341923318668,0.9363057324840764,0.03754609453570231,0.018773047267851155,0.007375125712370098,0.0,0.3900567233900567,0.12712712712712712,0.32665999332665996,0.025025025025025027,0.039706373039706366
10323,"Census Tract 451, San Francisco County, California",5330,2636,115,1957,498,6,75,45100,2198.0,116429.0,2102,833,1269,5253,4619,274,191,120,49,3462,1239,197,1242,329,222,2018,06075045100,0.4945590994371482,0.021575984990619138,0.3671669793621013,0.09343339587242026,0.3962892483349191,0.6037107516650809,0.8793070626308775,0.05216067009328003,0.03636017513801637,0.022844089091947455,0.009328003045878544,0.3578856152512998,0.05690352397458118,0.3587521663778163,0.0950317735413056,0.06412478336221837
10324,"Census Tract 452, San Francisco County, California",6913,3005,221,2577,486,6,75,45200,1838.0,98864.0,2958,914,2044,6892,5806,487,458,141,0,4178,1844,223,1417,192,131,2018,06075045200,0.434688268479676,0.031968754520468684,0.3727759294083611,0.07030232894546506,0.30899256254225826,0.6910074374577417,0.8424260011607662,0.07066163668020893,0.06645385954730122,0.020458502611723738,0.0,0.4413595021541407,0.0533748204882719,0.339157491622786,0.045955002393489715,0.03135471517472475
10325,"Census Tract 261, San Francisco County, California",7516,553,85,4173,2418,6,75,26100,1748.0,89917.0,2069,1108,961,7451,6855,102,298,76,120,4283,2046,599,1540,29,23,2018,06075026100,0.07357637040979244,0.011309207025013306,0.5552155401809473,0.32171367748802554,0.5355244079265346,0.4644755920734655,0.9200107368138504,0.01368943765937458,0.03999463159307475,0.010199973157965373,0.0161052207757348,0.4777025449451319,0.13985524165304694,0.3595610553350455,0.006770954938127481,0.005370067709549381
10326,"Census Tract 233, San Francisco County, California",3456,247,396,2106,683,6,75,23300,821.0,58125.0,1100,577,523,3441,3324,92,11,14,0,1635,802,184,546,9,15,2018,06075023300,0.07146990740740741,0.11458333333333333,0.609375,0.19762731481481485,0.5245454545454545,0.4754545454545455,0.9659982563208368,0.026736413833188026,0.0031967451322290033,0.004068584713746004,0.0,0.490519877675841,0.1125382262996942,0.3339449541284404,0.005504587155963303,0.009174311926605505
10327,"Census Tract 253, San Francisco County, California",4819,2628,73,603,1143,6,75,25300,1848.0,144583.0,1819,806,1013,4728,4092,389,94,101,52,3065,942,139,1207,286,199,2018,06075025300,0.5453413571280349,0.015148371031334304,0.12512969495746004,0.2371861382029467,0.4431006047278725,0.5568993952721275,0.8654822335025381,0.08227580372250423,0.01988155668358714,0.021362098138747884,0.010998307952622674,0.3073409461663948,0.04535073409461664,0.39380097879282216,0.0933115823817292,0.06492659053833605
10328,"Census Tract 254.01, San Francisco County, California",3725,1909,128,397,1069,6,75,25401,1889.0,122232.0,1373,595,778,3700,3148,280,203,25,44,2273,690,311,759,155,34,2018,06075025401,0.51248322147651,0.03436241610738255,0.10657718120805368,0.2869798657718121,0.43335761107064813,0.5666423889293518,0.8508108108108108,0.07567567567567568,0.05486486486486487,0.006756756756756757,0.011891891891891892,0.3035635723713154,0.13682358117025956,0.33391992960844696,0.06819181698196218,0.014958205015398154
10329,"Census Tract 305, San Francisco County, California",3344,1385,335,1024,315,6,75,30500,,143558.0,1051,762,289,3344,2919,317,69,26,13,1293,594,141,376,33,34,2018,06075030500,0.41417464114832536,0.10017942583732058,0.3062200956937799,0.09419856459330143,0.725023786869648,0.27497621313035203,0.8729066985645934,0.09479665071770337,0.020633971291866032,0.007775119617224879,0.0038875598086124397,0.4593967517401392,0.10904872389791184,0.2907965970610982,0.025522041763341063,0.0262954369682908
10330,"Census Tract 263.01, San Francisco County, California",5246,675,37,3061,1457,6,75,26301,1667.0,70345.0,1384,854,530,5237,4880,186,149,0,22,2551,1213,312,942,0,35,2018,06075026301,0.1286694624475791,0.007052992756385819,0.5834921845215402,0.2777354174609226,0.6170520231213873,0.3829479768786127,0.9318312010693144,0.03551651708993698,0.028451403475272107,0.0,0.004200878365476418,0.475499803998432,0.12230497843982753,0.3692669541356331,0.0,0.013720109760878087
10331,"Census Tract 263.02, San Francisco County, California",5269,715,150,3012,1256,6,75,26302,1479.0,84457.0,1498,921,577,5244,4890,201,52,28,73,2895,1512,369,753,0,14,2018,06075026302,0.13569937369519833,0.02846840007591573,0.5716454735243879,0.2383754033023344,0.6148197596795728,0.3851802403204273,0.9324942791762014,0.03832951945080092,0.009916094584286805,0.005339435545385202,0.013920671243325706,0.522279792746114,0.12746113989637306,0.2601036269430052,0.0,0.0048359240069084635
10332,"Census Tract 263.03, San Francisco County, California",5216,628,26,2977,1564,6,75,26303,1918.0,92992.0,1255,758,497,5189,4827,175,123,22,42,2990,1206,353,1378,0,3,2018,06075026303,0.12039877300613495,0.0049846625766871155,0.5707438650306749,0.2998466257668712,0.6039840637450199,0.3960159362549801,0.9302370398920794,0.03372518789747543,0.023703989207939872,0.004239737907111196,0.008094045095394103,0.4033444816053512,0.11806020066889633,0.4608695652173913,0.0,0.001003344481605351
10333,"Census Tract 311, San Francisco County, California",6899,3029,90,2151,1184,6,75,31100,2311.0,127011.0,2433,1628,805,6850,5990,465,261,76,58,3948,1622,396,1426,65,125,2018,06075031100,0.4390491375561675,0.013045368894042614,0.3117843165676185,0.17161907522829395,0.6691327579120427,0.3308672420879573,0.8744525547445255,0.06788321167883211,0.038102189781021895,0.011094890510948904,0.008467153284671533,0.4108409321175279,0.10030395136778117,0.36119554204660587,0.01646403242147923,0.03166160081053698
11061,"Census Tract 217, San Francisco County, California",4309,2277,339,977,470,6,75,21700,1342.0,150455.0,1812,1282,530,4211,3914,152,80,43,22,2352,1056,127,770,113,14,2018,06075021700,0.5284288698073799,0.0786725458343003,0.22673474123926665,0.10907403109770247,0.7075055187637969,0.2924944812362031,0.9294704345761102,0.036095939206839234,0.018997862740441702,0.010211351222987414,0.005224412253621468,0.4489795918367347,0.05399659863945578,0.3273809523809524,0.048044217687074835,0.005952380952380952
11062,"Census Tract 228.02, San Francisco County, California",2329,828,133,366,891,6,75,22802,1494.0,102750.0,680,191,489,2304,1811,327,81,23,62,1268,239,106,539,134,115,2018,06075022802,0.3555173894375268,0.057106054100472314,0.1571489909832546,0.38256762559038215,0.2808823529411765,0.7191176470588235,0.7860243055555556,0.14192708333333334,0.03515625,0.009982638888888888,0.026909722222222224,0.18848580441640375,0.083596214511041,0.4250788643533123,0.1056782334384858,0.09069400630914827
11063,"Census Tract 229.01, San Francisco County, California",5174,1782,63,277,2997,6,75,22901,1968.0,91464.0,1547,375,1172,5099,4749,165,61,114,10,3103,479,100,1692,476,131,2018,06075022901,0.34441437959025895,0.012176265945110166,0.05353691534596057,0.5792423656745265,0.24240465416936005,0.7575953458306399,0.9313590900176504,0.03235928613453618,0.011963130025495195,0.022357324965679545,0.0019611688566385566,0.1543667418627135,0.03222687721559781,0.545278762487915,0.15339993554624556,0.042217209152433134
11064,"Census Tract 229.02, San Francisco County, California",2605,931,123,273,1094,6,75,22902,2091.0,133239.0,803,333,470,2575,2228,170,48,90,39,1556,273,88,451,295,235,2018,06075022902,0.35738963531669865,0.0472168905950096,0.10479846449136276,0.4199616122840691,0.4146948941469489,0.5853051058530511,0.8652427184466019,0.06601941747572816,0.018640776699029128,0.03495145631067961,0.015145631067961166,0.17544987146529564,0.05655526992287916,0.2898457583547558,0.18958868894601544,0.15102827763496146
11065,"Census Tract 229.03, San Francisco County, California",3561,1060,90,380,1916,6,75,22903,2006.0,128750.0,1128,461,667,3509,3006,338,45,82,38,2106,747,99,755,91,150,2018,06075022903,0.2976691940466161,0.025273799494524008,0.10671159786576803,0.5380511092389778,0.40868794326241137,0.5913120567375887,0.8566543174693645,0.0963237389569678,0.012824166429182104,0.02336848104873183,0.010829296095753777,0.3547008547008547,0.047008547008547015,0.3584995251661918,0.043209876543209874,0.07122507122507123
11066,"Census Tract 230.03, San Francisco County, California",3830,450,726,1911,694,6,75,23003,1981.0,77365.0,1252,1063,189,3797,3664,96,14,7,16,1824,1006,235,355,33,100,2018,06075023003,0.1174934725848564,0.18955613577023495,0.4989556135770235,0.18120104438642295,0.8490415335463258,0.1509584664536741,0.9649723465894128,0.02528311825125099,0.0036871214116407686,0.0018435607058203843,0.004213853041875165,0.5515350877192983,0.1288377192982456,0.19462719298245612,0.018092105263157892,0.05482456140350877
11067,"Census Tract 264.03, San Francisco County, California",3962,270,126,2595,930,6,75,26403,1468.0,75455.0,1134,578,556,3948,3638,88,135,24,63,1898,840,236,808,0,4,2018,06075026403,0.06814740030287733,0.03180212014134275,0.6549722362443211,0.2347299343765775,0.5097001763668431,0.490299823633157,0.9214792299898684,0.022289766970618036,0.03419452887537994,0.0060790273556231,0.015957446808510637,0.4425711275026343,0.12434141201264487,0.4257112750263435,0.0,0.002107481559536354
11068,"Census Tract 302.01, San Francisco County, California",4542,2330,135,1417,314,6,75,30201,1862.0,111000.0,1976,540,1436,4429,3985,249,87,77,31,2887,1056,132,1031,172,112,2018,06075030201,0.5129898723029502,0.029722589167767505,0.31197710259797445,0.06913254073095552,0.2732793522267207,0.7267206477732794,0.8997516369383608,0.056220365771054416,0.01964326032964552,0.017385414314743733,0.006999322646195529,0.3657776238309664,0.0457222029788708,0.35711811569102875,0.059577416002771034,0.03879459646692068
11069,"Census Tract 303.02, San Francisco County, California",4315,1398,184,2205,357,6,75,30302,2119.0,138125.0,1493,1220,273,4274,3928,212,67,57,10,2487,1071,235,673,69,128,2018,06075030302,0.32398609501738124,0.04264194669756663,0.5110081112398609,0.08273464658169177,0.8171466845277964,0.18285331547220365,0.9190453907346748,0.049602246139447824,0.0156761815629387,0.013336452971455309,0.002339728591483388,0.43063932448733416,0.09449135504624047,0.27060715721753115,0.027744270205066344,0.05146763168476076
11070,"Census Tract 304, San Francisco County, California",5641,2637,179,1987,391,6,75,30400,1919.0,160733.0,1975,1565,410,5595,5122,189,92,173,19,2926,1388,295,883,41,93,2018,06075030400,0.4674703066832122,0.03173196241801099,0.35224251019322816,0.06931395142705195,0.7924050632911392,0.2075949367088608,0.9154602323503128,0.033780160857908845,0.01644325290437891,0.030920464700625563,0.003395889186773905,0.4743677375256322,0.10082023239917977,0.3017771701982228,0.014012303485987695,0.031784005468216
11072,"Census Tract 103, San Francisco County, California",4229,2531,0,1233,401,6,75,10300,1993.0,138630.0,1970,505,1465,4215,3607,270,73,105,160,2729,564,185,880,60,758,2018,06075010300,0.5984866398675811,0.0,0.2915582880113502,0.09482147079687868,0.2563451776649746,0.7436548223350253,0.8557532621589561,0.06405693950177936,0.01731909845788849,0.02491103202846975,0.03795966785290629,0.20666910956394285,0.06779039941370467,0.3224624404543789,0.021986075485525832,0.27775742030047634
11345,"Census Tract 110, San Francisco County, California",4792,2491,86,1884,318,6,75,11000,2042.0,121299.0,2497,418,2079,4775,4031,242,324,43,135,3560,468,287,1443,183,830,2018,06075011000,0.5198247078464107,0.0179465776293823,0.3931552587646077,0.06636060100166945,0.16740088105726872,0.8325991189427313,0.8441884816753926,0.05068062827225131,0.06785340314136126,0.009005235602094241,0.028272251308900525,0.13146067415730334,0.08061797752808987,0.4053370786516854,0.05140449438202247,0.2331460674157303
11720,"Census Tract 260.04, San Francisco County, California",5011,579,85,2333,1788,6,75,26004,1800.0,95655.0,1301,848,453,4975,4600,201,148,26,0,2641,1227,353,827,51,105,2018,06075026004,0.11554579924166833,0.01696268209938136,0.4655757333865496,0.3568150069846338,0.6518063028439662,0.3481936971560338,0.9246231155778896,0.040402010050251264,0.029748743718592964,0.005226130653266332,0.0,0.4645967436577054,0.13366149185914428,0.31313896251419915,0.019310867095797046,0.039757667550170385
11721,"Census Tract 301.01, San Francisco County, California",5045,2940,55,1214,519,6,75,30101,2179.0,122264.0,2061,639,1422,4920,3809,545,308,208,50,3056,998,214,1192,197,252,2018,06075030101,0.5827552031714569,0.010901883052527254,0.2406342913776016,0.10287413280475717,0.31004366812227074,0.6899563318777293,0.7741869918699187,0.11077235772357724,0.06260162601626018,0.04227642276422764,0.01016260162601626,0.3265706806282723,0.0700261780104712,0.3900523560209424,0.06446335078534031,0.0824607329842932
11722,"Census Tract 330, San Francisco County, California",8425,2843,10,4317,814,6,75,33000,2220.0,100907.0,2824,1865,959,8352,7483,481,297,59,32,4498,2055,524,1551,20,74,2018,06075033000,0.3374480712166172,0.0011869436201780415,0.5124035608308606,0.0966172106824926,0.6604107648725213,0.33958923512747874,0.8959530651340997,0.057590996168582376,0.035560344827586216,0.007064176245210728,0.0038314176245210726,0.4568697198755002,0.11649622054246332,0.3448199199644286,0.004446420631391729,0.0164517563361494
11723,"Census Tract 254.03, San Francisco County, California",5050,1321,570,1387,1625,6,75,25403,1487.0,109118.0,1408,812,596,5013,4505,298,78,106,26,2553,1294,243,655,105,58,2018,06075025403,0.2615841584158416,0.11287128712871287,0.2746534653465347,0.3217821782178218,0.5767045454545454,0.4232954545454545,0.8986634749650908,0.059445441851186914,0.015559545182525432,0.02114502294035508,0.005186515060841812,0.5068546807677242,0.09518213866039953,0.2565609087348218,0.04112808460634548,0.0227183705444575
11724,"Census Tract 264.01, San Francisco County, California",3548,132,335,2560,461,6,75,26401,1530.0,75156.0,1003,735,268,3490,3342,119,18,11,0,1742,933,229,483,0,25,2018,06075026401,0.03720405862457723,0.09441939120631343,0.7215332581736189,0.12993235625704622,0.7328015952143571,0.26719840478564305,0.957593123209169,0.034097421203438394,0.005157593123209169,0.003151862464183381,0.0,0.5355912743972445,0.1314580941446613,0.2772675086107922,0.0,0.014351320321469576
11725,"Census Tract 302.02, San Francisco County, California",4487,2301,117,1356,426,6,75,30202,2029.0,123139.0,2095,613,1482,4450,3876,287,136,62,89,2879,795,209,1213,99,338,2018,06075030202,0.5128147983062179,0.02607532872743481,0.3022063739692445,0.09494094049476264,0.2926014319809069,0.7073985680190931,0.8710112359550561,0.06449438202247193,0.030561797752808987,0.013932584269662922,0.02,0.2761375477596388,0.0725946509204585,0.4213268496005558,0.03438693990969086,0.1174018756512678
11726,"Census Tract 353, San Francisco County, California",7309,2202,0,4244,521,6,75,35300,1885.0,93375.0,2573,1764,809,7208,6655,311,131,0,111,3541,1621,476,1004,0,95,2018,06075035300,0.3012724038856205,0.0,0.5806539882336845,0.07128198111916816,0.6855810338126701,0.31441896618732995,0.9232796892341842,0.043146503884572696,0.01817425083240844,0.0,0.015399556048834627,0.457780288054222,0.13442530358655747,0.2835357243716464,0.0,0.02682857949731714
11727,"Census Tract 476, San Francisco County, California",5605,2208,58,2537,324,6,75,47600,2092.0,103676.0,2324,886,1438,5526,4781,555,107,32,51,3233,1334,291,943,161,281,2018,06075047600,0.3939339875111508,0.010347903657448709,0.4526315789473685,0.05780553077609276,0.3812392426850258,0.6187607573149742,0.8651827723488962,0.1004343105320304,0.019363011219688742,0.00579080709373869,0.009229098805646038,0.4126198577172904,0.09000927930714507,0.29167955459325706,0.04979894834519023,0.08691617692545624
11728,"Census Tract 106, San Francisco County, California",3356,1249,55,1886,121,6,75,10600,1033.0,40380.0,1797,199,1598,3343,2892,170,93,81,107,1964,308,35,491,81,898,2018,06075010600,0.3721692491060787,0.01638855780691299,0.5619785458879618,0.03605482717520858,0.110740122426266,0.889259877573734,0.8650912354172898,0.0508525276697577,0.027819323960514508,0.024229733772061026,0.032007179180376905,0.15682281059063136,0.017820773930753563,0.25,0.04124236252545825,0.4572301425661914
11729,"Census Tract 208, San Francisco County, California",6399,2437,97,1075,2394,6,75,20800,1446.0,103134.0,2719,394,2325,6379,5250,345,523,247,14,4502,810,107,1896,607,460,2018,06075020800,0.38084075636818254,0.015158618534145959,0.1679949992186279,0.37412095639943743,0.1449062155204119,0.8550937844795881,0.8230130114438,0.05408371218059257,0.08198777237811569,0.03872080263364164,0.0021947013638501326,0.1799200355397601,0.023767214571301643,0.4211461572634385,0.1348289649044869,0.10217681030653043
11730,"Census Tract 610, San Francisco County, California",4851,628,686,2776,560,6,75,61000,2349.0,93287.0,1752,971,781,4756,4343,205,61,80,67,2562,1475,315,562,56,18,2018,06075061000,0.12945784374355804,0.1414141414141414,0.5722531436817151,0.11544011544011545,0.5542237442922374,0.4457762557077626,0.9131623212783851,0.04310344827586207,0.012825904121110177,0.01682085786375105,0.014087468460891506,0.5757220921155347,0.12295081967213115,0.21935987509757998,0.02185792349726776,0.00702576112412178
11731,"Census Tract 203, San Francisco County, California",3413,2149,142,495,364,6,75,20300,2029.0,140000.0,1760,504,1256,3374,2695,391,61,105,122,2590,424,37,1468,104,205,2018,06075020300,0.6296513331380018,0.041605625549370064,0.14503369469674773,0.10665104014063874,0.2863636363636364,0.7136363636363636,0.7987551867219918,0.1158861885002964,0.018079430942501484,0.03112033195020747,0.03615886188500297,0.1637065637065637,0.014285714285714284,0.5667953667953668,0.04015444015444016,0.07915057915057915
11732,"Census Tract 207, San Francisco County, California",5075,2997,52,735,907,6,75,20700,1990.0,167422.0,2491,706,1785,4996,4119,488,91,267,31,3802,686,239,1509,320,505,2018,06075020700,0.5905418719211822,0.010246305418719213,0.14482758620689656,0.1787192118226601,0.2834203131272581,0.7165796868727419,0.8244595676541233,0.0976781425140112,0.01821457165732586,0.05344275420336269,0.006204963971176942,0.1804313519200421,0.06286165176223041,0.3968963703314045,0.08416622830089426,0.13282482903734874
11733,"Census Tract 211, San Francisco County, California",4199,2972,25,502,429,6,75,21100,2277.0,180656.0,1887,879,1008,4124,3370,243,156,157,198,2456,745,202,845,112,66,2018,06075021100,0.7077875684686831,0.005953798523457966,0.11955227435103595,0.1021671826625387,0.46581875993640703,0.5341812400635929,0.8171677982541222,0.05892337536372454,0.03782735208535402,0.0380698351115422,0.04801163918525704,0.3033387622149837,0.08224755700325732,0.34405537459283386,0.04560260586319218,0.02687296416938111
11734,"Census Tract 212, San Francisco County, California",3095,2170,69,301,329,6,75,21200,1950.0,176845.0,1453,829,624,3041,2472,319,79,171,0,2003,782,140,600,77,112,2018,06075021200,0.7011308562197092,0.022294022617124397,0.09725363489499192,0.1063004846526656,0.5705437026841018,0.4294562973158981,0.8128904965471885,0.10489970404472213,0.025978296612956264,0.056231502795133184,0.0,0.3904143784323515,0.06989515726410385,0.2995506739890165,0.03844233649525712,0.055916125811283066
11735,"Census Tract 213, San Francisco County, California",2650,1899,16,379,197,6,75,21300,2271.0,158276.0,1250,702,548,2650,2292,274,33,41,10,1661,658,93,535,12,9,2018,06075021300,0.7166037735849057,0.0060377358490566035,0.1430188679245283,0.07433962264150944,0.5616,0.4384,0.8649056603773585,0.10339622641509434,0.012452830188679246,0.015471698113207547,0.0037735849056603774,0.3961468994581577,0.0559903672486454,0.3220951234196267,0.0072245635159542436,0.0054184226369656825
11736,"Census Tract 107, San Francisco County, California",5522,730,0,4332,385,6,75,10700,709.0,25502.0,2491,221,2270,5504,5027,134,125,200,18,2729,387,87,967,21,1151,2018,06075010700,0.13219847881202462,0.0,0.7844983701557406,0.0697211155378486,0.08871938980329185,0.911280610196708,0.9133357558139537,0.02434593023255814,0.022710755813953487,0.036337209302325583,0.0032703488372093025,0.14181018688164165,0.03187980945401246,0.35434224990839136,0.0076951264199340424,0.42176621473067055
11737,"Census Tract 162, San Francisco County, California",3358,2025,137,732,322,6,75,16200,1860.0,106313.0,1903,270,1633,3310,2824,275,153,47,11,2524,391,32,1240,182,477,2018,06075016200,0.6030375223347231,0.040798094103633116,0.21798689696247767,0.0958904109589041,0.1418812401471361,0.8581187598528639,0.8531722054380665,0.08308157099697885,0.04622356495468278,0.01419939577039275,0.003323262839879154,0.15491283676703646,0.012678288431061807,0.491283676703645,0.07210776545166403,0.18898573692551507
11738,"Census Tract 169, San Francisco County, California",3191,2051,160,461,359,6,75,16900,2018.0,115946.0,1614,488,1126,3159,2697,301,113,25,23,2220,224,19,1110,198,311,2018,06075016900,0.6427452209338765,0.05014102162331557,0.14446881855217802,0.11250391726731432,0.3023543990086741,0.6976456009913259,0.8537511870845205,0.09528331750553973,0.035770813548591324,0.007913896802785692,0.007280785058562834,0.1009009009009009,0.008558558558558558,0.5,0.0891891891891892,0.1400900900900901
11739,"Census Tract 252, San Francisco County, California",5407,3305,55,523,1298,6,75,25200,1855.0,139444.0,2004,1305,699,5256,4617,365,45,102,127,3085,1254,156,745,348,150,2018,06075025200,0.6112446828185685,0.010171999260218235,0.09672646569262068,0.2400591825411504,0.6511976047904192,0.34880239520958084,0.8784246575342466,0.06944444444444445,0.008561643835616438,0.01940639269406393,0.024162861491628614,0.406482982171799,0.050567260940032416,0.24149108589951376,0.11280388978930307,0.04862236628849271
11740,"Census Tract 101, San Francisco County, California",3850,1865,154,1163,558,6,75,10100,1686.0,67377.0,2061,223,1838,3830,3217,184,132,85,212,2054,466,143,409,113,778,2018,06075010100,0.4844155844155844,0.04,0.3020779220779221,0.14493506493506494,0.10819990295972827,0.8918000970402717,0.8399477806788512,0.04804177545691906,0.034464751958224536,0.022193211488250653,0.05535248041775457,0.22687439143135346,0.06962025316455696,0.1991236611489776,0.055014605647517034,0.37877312560856863
11741,"Census Tract 112, San Francisco County, California",3459,1973,140,1034,192,6,75,11200,1933.0,113214.0,1920,537,1383,3450,2888,220,149,126,67,2187,454,107,588,20,814,2018,06075011200,0.5703960682278115,0.040474125469788964,0.2989303266840127,0.055507372072853424,0.2796875,0.7203125,0.8371014492753623,0.06376811594202897,0.04318840579710145,0.03652173913043479,0.01942028985507246,0.20759030635573844,0.0489254686785551,0.26886145404663925,0.009144947416552356,0.3721993598536809
11742,"Census Tract 134, San Francisco County, California",3880,2730,61,761,193,6,75,13400,2498.0,170729.0,1986,780,1206,3852,3224,430,25,160,13,2479,1025,128,705,43,204,2018,06075013400,0.7036082474226805,0.015721649484536082,0.1961340206185567,0.04974226804123711,0.3927492447129909,0.6072507552870091,0.8369678089304258,0.11163032191069576,0.006490134994807892,0.04153686396677051,0.003374870197300104,0.4134731746672045,0.05163372327551432,0.2843888664784187,0.01734570391286809,0.08229124647035095
11743,"Census Tract 151, San Francisco County, California",2600,1377,29,815,168,6,75,15100,2284.0,99706.0,1618,441,1177,2585,2006,237,130,124,88,1677,176,59,599,57,524,2018,06075015100,0.5296153846153846,0.011153846153846151,0.3134615384615385,0.06461538461538463,0.2725587144622991,0.7274412855377008,0.7760154738878143,0.09168278529980656,0.050290135396518366,0.047969052224371374,0.03404255319148936,0.10494931425163984,0.03518187239117472,0.35718545020870596,0.03398926654740608,0.3124627310673822
12383,"Census Tract 157, San Francisco County, California",8912,4320,500,2045,1208,6,75,15700,2316.0,116923.0,2600,970,1630,8838,5876,825,1385,517,235,4926,1368,208,1701,281,784,2018,06075015700,0.4847396768402154,0.056104129263913824,0.22946588868940754,0.1355475763016158,0.3730769230769231,0.6269230769230769,0.664856302330844,0.093346911065852,0.15670966281964244,0.058497397601267265,0.02658972618239421,0.2777101096224117,0.04222492894843687,0.3453105968331303,0.057044254973609425,0.15915550142103127
12384,"Census Tract 164, San Francisco County, California",4187,2558,350,466,548,6,75,16400,2322.0,139262.0,1806,405,1401,4105,3453,426,131,89,6,3237,704,227,1260,463,238,2018,06075016400,0.6109386195366611,0.08359207069500836,0.11129687126821113,0.1308812992596131,0.22425249169435216,0.7757475083056479,0.8411693057247259,0.10377588306942752,0.031912302070645555,0.021680876979293544,0.00146163215590743,0.21748532591906086,0.07012666048810627,0.3892493049119555,0.14303367315415508,0.07352486870559159
12385,"Census Tract 166, San Francisco County, California",5583,4161,252,719,210,6,75,16600,1932.0,143594.0,2398,499,1899,5554,4615,572,181,79,107,4393,849,200,1907,206,329,2018,06075016600,0.7452982267598065,0.045137023105857065,0.12878380798853664,0.03761418592154756,0.2080900750625521,0.7919099249374478,0.8309326611451207,0.1029888368743248,0.0325891249549874,0.014223982715160243,0.019265394310406917,0.1932620077395857,0.04552697473252902,0.43409970407466425,0.046892783974504894,0.07489187343501025
12387,"Census Tract 179.02, San Francisco County, California",3064,824,605,355,892,6,75,17902,2135.0,59063.0,595,0,595,3047,2097,159,464,312,15,1470,474,108,665,33,113,2018,06075017902,0.2689295039164491,0.1974543080939948,0.1158616187989556,0.2911227154046997,0.0,1.0,0.6882179192648507,0.05218247456514605,0.15228093206432555,0.10239579914670167,0.0049228749589760425,0.3224489795918367,0.07346938775510205,0.4523809523809524,0.02244897959183673,0.07687074829931972
12388,"Census Tract 214, San Francisco County, California",3783,2639,10,545,454,6,75,21400,2567.0,165132.0,1744,835,909,3694,3119,323,81,140,31,2368,689,152,971,131,158,2018,06075021400,0.6975945017182129,0.0026434047052603755,0.14406555643669045,0.12001057361882105,0.4787844036697248,0.5212155963302753,0.8443421765024364,0.08743909041689225,0.021927449918787218,0.03789929615592853,0.008391987005955604,0.29096283783783783,0.06418918918918919,0.4100506756756757,0.055320945945945936,0.06672297297297297
13377,"Census Tract 120, San Francisco County, California",3993,1558,268,1344,578,6,75,12000,1335.0,48113.0,2484,74,2410,3993,3062,504,199,126,102,2415,335,54,866,141,835,2018,06075012000,0.3901828199348861,0.06711745554720762,0.33658903080390684,0.1447533183070373,0.029790660225442838,0.9702093397745571,0.7668419734535437,0.12622088655146507,0.049837215126471324,0.03155522163786627,0.025544703230653644,0.13871635610766045,0.02236024844720497,0.358592132505176,0.058385093167701865,0.3457556935817805
13378,"Census Tract 127, San Francisco County, California",4027,3114,25,365,324,6,75,12700,2297.0,133641.0,2228,717,1511,4004,3187,356,161,187,113,2636,1102,189,834,33,136,2018,06075012700,0.7732803575862925,0.0062080953563446745,0.09063819220263224,0.08045691581822696,0.3218132854578097,0.6781867145421903,0.795954045954046,0.08891108891108891,0.040209790209790215,0.046703296703296704,0.02822177822177822,0.4180576631259484,0.07169954476479515,0.3163884673748103,0.01251896813353566,0.05159332321699545
13379,"Census Tract 132, San Francisco County, California",4274,3098,131,604,321,6,75,13200,2718.0,188844.0,2191,825,1366,4258,3750,316,95,59,38,2450,1032,83,696,43,279,2018,06075013200,0.7248479176415535,0.030650444548432382,0.14131960692559664,0.07510528778661675,0.3765403925148334,0.6234596074851666,0.8806951620479098,0.0742132456552372,0.022310944105213715,0.01385627054955378,0.008924377642085486,0.4212244897959184,0.03387755102040816,0.28408163265306124,0.017551020408163264,0.11387755102040815
13380,"Census Tract 133, San Francisco County, California",4729,3300,103,682,344,6,75,13300,1812.0,162500.0,1974,972,1002,4611,3881,327,184,175,44,2368,978,153,633,39,133,2018,06075013300,0.6978219496722351,0.021780503277648557,0.14421653626559527,0.07274265172340875,0.4924012158054712,0.5075987841945289,0.8416829321188463,0.07091737150292778,0.03990457601387985,0.03795272175233138,0.009542398612014748,0.4130067567567568,0.06461148648648649,0.2673141891891892,0.01646959459459459,0.056165540540540536
13381,"Census Tract 135, San Francisco County, California",2673,1718,58,596,154,6,75,13500,1838.0,132750.0,1550,373,1177,2635,2100,288,102,110,35,1720,569,117,573,26,211,2018,06075013500,0.6427235316124205,0.021698466142910586,0.22297044519266745,0.05761316872427984,0.24064516129032254,0.7593548387096775,0.7969639468690702,0.10929791271347247,0.03870967741935484,0.04174573055028463,0.013282732447817835,0.3308139534883721,0.06802325581395349,0.3331395348837209,0.01511627906976744,0.12267441860465116
13382,"Census Tract 153, San Francisco County, California",2236,1293,290,318,207,6,75,15300,2424.0,141750.0,963,355,608,2188,1767,171,142,83,25,1463,488,67,551,68,128,2018,06075015300,0.5782647584973166,0.12969588550983902,0.14221824686940965,0.09257602862254023,0.36863966770508827,0.6313603322949117,0.8075868372943327,0.07815356489945155,0.06489945155393052,0.03793418647166362,0.011425959780621572,0.33356117566643884,0.04579630895420369,0.37662337662337664,0.04647983595352016,0.08749145591250855
13383,"Census Tract 167, San Francisco County, California",5225,3853,216,379,579,6,75,16700,2171.0,174081.0,2405,707,1698,5149,4204,532,136,247,30,4095,796,81,1680,506,337,2018,06075016700,0.7374162679425837,0.04133971291866029,0.07253588516746412,0.1108133971291866,0.293970893970894,0.7060291060291061,0.8164692173237522,0.1033210332103321,0.02641289570790445,0.04797047970479705,0.005826374053214217,0.1943833943833944,0.019780219780219783,0.41025641025641024,0.12356532356532356,0.0822954822954823
13384,"Census Tract 202, San Francisco County, California",6181,3037,195,1022,1157,6,75,20200,1385.0,100099.0,3143,679,2464,6106,5598,163,77,221,47,3886,614,338,1744,226,499,2018,06075020200,0.4913444426468209,0.03154829315644718,0.16534541336353342,0.18718653939491992,0.21603563474387527,0.7839643652561247,0.916803144448084,0.026695054045201443,0.012610547002947921,0.03619390763183754,0.00769734687192925,0.15800308800823468,0.08697889861039629,0.4487905301080803,0.05815748841996912,0.12840967575913534
13385,"Census Tract 205, San Francisco County, California",2949,2207,96,384,184,6,75,20500,1983.0,145263.0,1398,525,873,2943,2675,132,66,58,12,2022,409,98,1117,106,88,2018,06075020500,0.7483892845032214,0.03255340793489318,0.13021363173957273,0.062394031875211926,0.3755364806866953,0.6244635193133047,0.908936459395175,0.04485219164118247,0.022426095820591237,0.019707781175671082,0.004077471967380225,0.2022749752720079,0.04846686449060336,0.5524233432245301,0.05242334322453017,0.043521266073194856
13386,"Census Tract 210, San Francisco County, California",4692,2714,113,600,898,6,75,21000,1710.0,138523.0,2192,478,1714,4692,3882,225,396,107,82,3443,814,29,1947,220,58,2018,06075021000,0.5784313725490197,0.024083546462063087,0.1278772378516624,0.19138959931798807,0.21806569343065693,0.781934306569343,0.8273657289002557,0.0479539641943734,0.08439897698209718,0.022804774083546458,0.017476555839727195,0.2364217252396166,0.008422887017136218,0.5654952076677316,0.06389776357827476,0.016845774034272436
13387,"Census Tract 230.01, San Francisco County, California",5095,301,555,3771,322,6,75,23001,1181.0,70865.0,1306,986,320,5036,4816,142,31,16,31,2405,1188,287,760,27,80,2018,06075023001,0.0590775269872424,0.10893032384690872,0.7401373895976447,0.06319921491658488,0.7549770290964778,0.2450229709035222,0.9563145353455124,0.028196981731532962,0.0061556791104050825,0.003177124702144559,0.0061556791104050825,0.493970893970894,0.11933471933471936,0.3160083160083161,0.011226611226611229,0.033264033264033266
13388,"Census Tract 352.02, San Francisco County, California",4960,1788,211,1800,633,6,75,35202,1742.0,82593.0,1880,651,1229,4895,4454,294,113,11,23,3025,1525,277,890,108,67,2018,06075035202,0.3604838709677419,0.04254032258064516,0.3629032258064516,0.1276209677419355,0.34627659574468084,0.6537234042553192,0.9099080694586312,0.06006128702757916,0.023084780388151174,0.0022471910112359553,0.004698672114402451,0.5041322314049587,0.0915702479338843,0.29421487603305785,0.035702479338842984,0.022148760330578512
13389,"Census Tract 427, San Francisco County, California",5422,1852,233,2705,351,6,75,42700,1730.0,76118.0,2427,842,1585,5339,4786,261,137,90,65,2889,1151,190,1165,32,111,2018,06075042700,0.3415713758760605,0.04297307266691258,0.49889339727038,0.06473625968277387,0.3469303667078698,0.6530696332921302,0.8964225510395205,0.0488855590934632,0.0256602359992508,0.016857089342573517,0.012174564525191984,0.3984077535479405,0.06576670128071997,0.4032537210107304,0.01107649705780547,0.038421599169262716
13390,"Census Tract 601, San Francisco County, California",4119,2991,42,322,545,6,75,60100,3352.0,184934.0,1329,37,1292,4009,3284,318,186,157,64,2706,783,235,764,192,106,2018,06075060100,0.7261471230881282,0.010196649672250544,0.07817431415392086,0.13231366836610828,0.02784048156508653,0.9721595184349134,0.819156896981791,0.07932152656522824,0.046395609877775,0.03916188575704665,0.015964080818159143,0.2893569844789357,0.0868440502586844,0.2823355506282336,0.07095343680709534,0.03917220990391722
13391,"Census Tract 314, San Francisco County, California",6743,744,965,3328,1483,6,75,31400,1693.0,73750.0,1830,1303,527,6696,6211,303,141,9,32,3467,1818,384,1005,0,41,2018,06075031400,0.11033664541005488,0.14311137475900934,0.4935488654901379,0.2199317811063325,0.7120218579234973,0.28797814207650274,0.927568697729988,0.04525089605734767,0.021057347670250897,0.0013440860215053767,0.0047789725209080045,0.5243726564753389,0.11075858090568216,0.28987597346409005,0.0,0.011825785982117105
13392,"Census Tract 327, San Francisco County, California",6681,2507,14,3236,437,6,75,32700,2339.0,115457.0,2441,1755,686,6655,6108,222,166,107,52,3690,1505,413,1261,160,167,2018,06075032700,0.3752432270618171,0.0020954946864241877,0.4843586289477623,0.06540936985481216,0.7189676362146661,0.28103236378533386,0.9178061607813672,0.03335837716003005,0.024943651389932386,0.01607813673929376,0.00781367392937641,0.4078590785907859,0.11192411924119243,0.3417344173441734,0.043360433604336036,0.045257452574525736
13393,"Census Tract 401, San Francisco County, California",4436,2353,67,1566,326,6,75,40100,1798.0,94589.0,1936,496,1440,4340,3698,266,174,123,79,2773,967,174,1050,126,173,2018,06075040100,0.5304328223624887,0.015103697024346259,0.3530207394048693,0.07348963029756538,0.25619834710743805,0.743801652892562,0.8520737327188941,0.061290322580645165,0.04009216589861751,0.028341013824884794,0.018202764976958524,0.3487197980526506,0.06274792643346556,0.3786512802019473,0.04543815362423368,0.062387306166606565
13394,"Census Tract 232, San Francisco County, California",4179,282,1159,650,1940,6,75,23200,1566.0,60345.0,1222,693,529,4149,3777,297,45,11,19,2057,934,248,640,25,59,2018,06075023200,0.0674802584350323,0.2773390763340512,0.1555396027757837,0.4642258913615698,0.5671031096563012,0.4328968903436989,0.9103398409255242,0.07158351409978309,0.010845986984815618,0.002651241262954929,0.00457941672692215,0.4540593096742829,0.12056392805055907,0.31113271754982985,0.012153621779290228,0.028682547399124937
13395,"Census Tract 301.02, San Francisco County, California",5255,3576,115,1054,352,6,75,30102,2500.0,147549.0,2344,1084,1260,5239,3897,222,546,396,178,3166,1319,157,1035,88,264,2018,06075030102,0.6804947668886775,0.021883920076117985,0.2005708848715509,0.06698382492863937,0.462457337883959,0.5375426621160411,0.7438442450849398,0.04237449895018133,0.1042183622828784,0.07558694407329643,0.033975949608703954,0.4166140240050537,0.04958938723941882,0.3269109286165509,0.02779532533164877,0.08338597599494631
13396,"Census Tract 352.01, San Francisco County, California",5987,2202,20,3190,349,6,75,35201,2040.0,102652.0,1946,1346,600,5897,5325,302,93,107,70,3120,1664,357,571,57,110,2018,06075035201,0.367796893268749,0.0033405712376816435,0.5328211124102221,0.058292968097544674,0.6916752312435765,0.30832476875642345,0.9030015261997626,0.05121248092250297,0.01577073088010853,0.01814481939969476,0.011870442597931151,0.5333333333333333,0.11442307692307692,0.1830128205128205,0.01826923076923077,0.035256410256410256
13397,"Census Tract 354, San Francisco County, California",7112,2420,202,3471,515,6,75,35400,1392.0,102500.0,2548,1622,926,6974,6667,59,235,13,0,3749,1820,587,1049,62,0,2018,06075035400,0.34026996625421824,0.02840269966254218,0.4880483689538808,0.07241282339707536,0.6365777080062794,0.36342229199372056,0.9559793518784055,0.008459994264410669,0.033696587324347584,0.0018640665328362488,0.0,0.4854627900773539,0.15657508668978395,0.279807948786343,0.016537743398239532,0.0
13398,"Census Tract 159, San Francisco County, California",4563,1575,380,1855,445,6,75,15900,2053.0,79698.0,2085,604,1481,4503,3284,488,246,322,163,2415,631,137,1020,110,393,2018,06075015900,0.3451676528599605,0.08327854481700636,0.4065307911461757,0.0975235590620206,0.2896882494004796,0.7103117505995203,0.7292915833888519,0.10837219631356873,0.05463024650233178,0.07150788363313347,0.036198090162114144,0.26128364389233955,0.0567287784679089,0.42236024844720504,0.045548654244306416,0.16273291925465838
13442,"Census Tract 160, San Francisco County, California",2850,1513,262,692,224,6,75,16000,1592.0,71823.0,1765,399,1366,2850,2100,257,213,158,122,1564,306,59,650,64,348,2018,06075016000,0.5308771929824562,0.09192982456140353,0.24280701754385964,0.07859649122807018,0.22606232294617565,0.7739376770538243,0.7368421052631579,0.09017543859649124,0.07473684210526316,0.05543859649122807,0.04280701754385965,0.1956521739130435,0.037723785166240406,0.4156010230179028,0.040920716112531966,0.22250639386189255
13443,"Census Tract 105, San Francisco County, California",2932,1342,233,729,265,6,75,10500,2386.0,125511.0,1717,297,1420,2908,2337,135,98,190,148,1556,289,101,322,11,637,2018,06075010500,0.4577080491132333,0.07946793997271487,0.2486357435197817,0.09038199181446112,0.1729761211415259,0.8270238788584741,0.8036451169188445,0.04642365887207703,0.03370013755158184,0.06533700137551582,0.050894085281980736,0.18573264781491006,0.06491002570694088,0.2069408740359897,0.007069408740359897,0.4093830334190232
13444,"Census Tract 113, San Francisco County, California",3046,461,85,2328,87,6,75,11300,918.0,37991.0,1546,163,1383,3006,2770,115,49,45,27,1404,150,55,418,9,666,2018,06075011300,0.15134602757715035,0.027905449770190414,0.7642810242941562,0.028562048588312537,0.1054333764553687,0.8945666235446313,0.9214903526280772,0.03825681969394544,0.016300731869594146,0.01497005988023952,0.008982035928143712,0.10683760683760683,0.03917378917378917,0.2977207977207977,0.00641025641025641,0.4743589743589744
13445,"Census Tract 152, San Francisco County, California",4301,2497,226,1073,356,6,75,15200,1921.0,91493.0,2370,505,1865,4301,3180,581,134,343,63,2363,604,164,910,28,366,2018,06075015200,0.5805626598465473,0.05254591955359219,0.2494768658451523,0.08277144850034876,0.2130801687763713,0.7869198312236287,0.7393629388514299,0.13508486398511976,0.03115554522204138,0.0797488956056731,0.014647756335735874,0.2556072788827761,0.06940330088870081,0.385103681760474,0.01184934405416843,0.15488785442234448
13446,"Census Tract 177, San Francisco County, California",1956,672,91,388,575,6,75,17700,1766.0,114722.0,758,133,625,1945,1626,87,173,48,11,1257,344,47,491,79,188,2018,06075017700,0.34355828220858897,0.04652351738241309,0.1983640081799591,0.2939672801635992,0.17546174142480211,0.8245382585751979,0.8359897172236503,0.044730077120822616,0.08894601542416453,0.024678663239074552,0.005655526992287918,0.273667462211615,0.03739061256961018,0.39061256961018304,0.06284805091487669,0.14956245027844073
13447,"Census Tract 227.02, San Francisco County, California",2287,1528,42,310,318,6,75,22702,2391.0,191750.0,1012,447,565,2241,1849,179,113,63,37,1663,551,119,390,119,214,2018,06075022702,0.6681241801486664,0.018364669873196328,0.1355487538259729,0.1390467861827722,0.44169960474308295,0.558300395256917,0.8250780901383311,0.07987505577867024,0.05042391789379741,0.028112449799196783,0.01651048639000446,0.3313289236319904,0.07155742633794347,0.2345159350571257,0.07155742633794347,0.12868310282621767
13448,"Census Tract 228.01, San Francisco County, California",5765,2191,56,894,2386,6,75,22801,1842.0,117368.0,1923,701,1222,5691,5093,379,81,96,42,3831,1093,304,1090,510,459,2018,06075022801,0.3800520381613183,0.00971379011274935,0.15507372072853426,0.41387684301821337,0.36453458138325534,0.6354654186167447,0.8949218063609208,0.06659638024951678,0.014232999472851872,0.01686874011597259,0.007380073800738006,0.285304098146698,0.07935264943878882,0.28452101279039416,0.1331245105716523,0.11981205951448708
13449,"Census Tract 231.03, San Francisco County, California",2654,104,1354,296,567,6,75,23103,778.0,25871.0,952,101,851,2633,2543,63,27,0,0,791,374,95,246,0,41,2018,06075023103,0.03918613413715147,0.5101733232856066,0.11152976639035418,0.21363978899773925,0.10609243697478993,0.8939075630252101,0.9658184580326624,0.023927079377136347,0.010254462590201293,0.0,0.0,0.472819216182048,0.12010113780025285,0.3109987357774968,0.0,0.051833122629582805
13450,"Census Tract 259, San Francisco County, California",4809,1212,433,2284,749,6,75,25900,2010.0,113384.0,1475,1061,414,4735,4414,220,71,30,0,2674,1288,507,661,15,0,2018,06075025900,0.2520274485339988,0.09003950925348306,0.4749428155541693,0.15574963609898107,0.7193220338983051,0.2806779661016949,0.93220696937698,0.04646251319957762,0.014994720168954591,0.006335797254487857,0.0,0.4816753926701571,0.18960359012715036,0.24719521316379955,0.005609573672400898,0.0
13451,"Census Tract 260.03, San Francisco County, California",5011,763,58,2068,2007,6,75,26003,1746.0,81071.0,1400,915,485,4996,4780,94,112,10,0,2657,1487,213,854,5,27,2018,06075026003,0.1522650169626821,0.01157453602075434,0.4126920774296548,0.4005188585112752,0.6535714285714286,0.3464285714285714,0.956765412329864,0.01881505204163331,0.02241793434747798,0.0020016012810248197,0.0,0.5596537448249906,0.08016560030109146,0.32141512984569065,0.001881821603312006,0.01016183665788483
13970,"Census Tract 615, San Francisco County, California",14758,6822,343,6370,812,6,75,61500,2714.0,189329.0,7900,2975,4925,14587,11029,1103,1070,1164,221,9822,2219,136,1839,58,4614,2018,06075061500,0.4622577585038623,0.023241631657406156,0.4316303022089714,0.055021005556308435,0.3765822784810127,0.6234177215189873,0.7560841845478851,0.0756152738739974,0.07335298553506547,0.07979707959141702,0.015150476451635015,0.2259214009366728,0.013846467114640602,0.1872327428222358,0.005905110975361435,0.4697617593158217
15366,"Census Tract 119.01, San Francisco County, California",2674,1494,47,730,292,6,75,11901,2001.0,97109.0,1534,555,979,2674,2051,234,170,122,97,1750,198,21,355,12,895,2018,06075011901,0.5587135377711294,0.017576664173522813,0.2729992520568437,0.10919970082273747,0.3617992177314211,0.6382007822685789,0.7670157068062827,0.08750934928945402,0.06357516828721017,0.0456245325355273,0.036275243081525806,0.11314285714285716,0.012,0.20285714285714285,0.006857142857142857,0.5114285714285715
15367,"Census Tract 119.02, San Francisco County, California",2813,1518,46,810,276,6,75,11902,1735.0,84167.0,1748,132,1616,2784,2306,161,177,131,9,2091,211,50,594,14,977,2018,06075011902,0.5396373977959474,0.016352648418059012,0.28794880910060433,0.09811589050835406,0.07551487414187644,0.9244851258581236,0.8283045977011494,0.05783045977011495,0.06357758620689655,0.047054597701149434,0.003232758620689655,0.10090865614538498,0.02391200382592061,0.2840746054519369,0.006695361071257772,0.4672405547584888
15368,"Census Tract 122.01, San Francisco County, California",4638,1648,312,933,1460,6,75,12201,1531.0,66563.0,2683,179,2504,4570,3795,524,103,94,54,2978,186,32,1019,119,1579,2018,06075012201,0.3553255713669685,0.06727037516170763,0.20116429495472185,0.3147908581285037,0.0667163622810287,0.9332836377189712,0.8304157549234136,0.11466083150984682,0.0225382932166302,0.020568927789934355,0.011816192560175057,0.06245802552048355,0.010745466756212223,0.34217595701813297,0.039959704499664205,0.5302216252518469
15369,"Census Tract 122.02, San Francisco County, California",3525,1073,481,964,758,6,75,12202,1058.0,35970.0,1631,92,1539,3525,2280,577,472,140,56,1688,194,26,530,129,675,2018,06075012202,0.30439716312056736,0.13645390070921987,0.2734751773049645,0.2150354609929078,0.056407112201103615,0.9435928877988964,0.6468085106382979,0.16368794326241135,0.13390070921985814,0.03971631205673759,0.015886524822695036,0.11492890995260666,0.015402843601895734,0.31398104265402843,0.0764218009478673,0.3998815165876777
15370,"Census Tract 123.01, San Francisco County, California",2116,554,182,679,630,6,75,12301,736.0,23371.0,1233,12,1221,2086,1885,144,57,0,0,853,134,0,429,0,256,2018,06075012301,0.2618147448015123,0.08601134215500945,0.3208884688090737,0.29773156899810965,0.0097323600973236,0.9902676399026764,0.9036433365292426,0.06903163950143816,0.027325023969319268,0.0,0.0,0.1570926143024619,0.0,0.5029308323563892,0.0,0.30011723329425555
15371,"Census Tract 123.02, San Francisco County, California",2621,1053,148,771,546,6,75,12302,1518.0,43493.0,1943,0,1943,2611,1764,406,145,118,178,1645,128,26,597,71,597,2018,06075012302,0.401755055322396,0.056466997329263635,0.2941625333842045,0.20831743609309425,0.0,1.0,0.6756032171581771,0.1554959785522788,0.055534278054385294,0.045193412485637685,0.06817311374952126,0.07781155015197569,0.015805471124620062,0.3629179331306991,0.04316109422492402,0.3629179331306991
15372,"Census Tract 124.01, San Francisco County, California",4782,1358,429,1308,1463,6,75,12401,966.0,24511.0,2749,0,2749,4782,4001,411,331,33,6,2539,376,63,1257,249,424,2018,06075012401,0.2839815976578837,0.08971141781681305,0.27352572145545795,0.3059389376829778,0.0,1.0,0.8366792137181096,0.08594730238393977,0.06921790046005856,0.006900878293601004,0.0012547051442910915,0.14808979913351716,0.02481291847183931,0.4950768018905081,0.09807010634107917,0.16699487987396613
15373,"Census Tract 124.02, San Francisco County, California",4320,1451,326,1495,872,6,75,12402,1258.0,61736.0,2643,150,2493,4288,3581,298,167,205,37,2662,199,5,1342,214,740,2018,06075012402,0.33587962962962964,0.07546296296296298,0.3460648148148148,0.20185185185185187,0.056753688989784334,0.9432463110102156,0.8351212686567164,0.06949626865671643,0.038945895522388065,0.047807835820895525,0.008628731343283583,0.07475582268970699,0.0018782870022539446,0.5041322314049587,0.08039068369646883,0.2779864763335837
15374,"Census Tract 125.01, San Francisco County, California",4002,1077,425,1286,1006,6,75,12501,599.0,22150.0,2259,48,2211,4002,3544,306,115,37,0,1747,222,0,826,6,602,2018,06075012501,0.2691154422788606,0.10619690154922537,0.3213393303348326,0.2513743128435782,0.021248339973439574,0.9787516600265604,0.8855572213893054,0.07646176911544228,0.02873563218390805,0.009245377311344328,0.0,0.12707498568975387,0.0,0.4728105323411563,0.0034344590726960505,0.3445907269605037
15375,"Census Tract 125.02, San Francisco County, California",3584,650,428,1515,839,6,75,12502,512.0,14976.0,2208,12,2196,3526,3147,161,155,63,0,1359,106,27,725,0,366,2018,06075012502,0.18136160714285715,0.11941964285714285,0.42271205357142855,0.23409598214285715,0.005434782608695652,0.9945652173913044,0.8925127623369257,0.04566080544526376,0.04395916052183778,0.017867271695972773,0.0,0.07799852832965416,0.019867549668874173,0.5334805003679176,0.0,0.2693156732891832
15376,"Census Tract 126.01, San Francisco County, California",2630,2007,71,224,315,6,75,12601,2581.0,143000.0,1568,285,1283,2568,2147,255,36,113,17,2021,560,193,604,22,183,2018,06075012601,0.7631178707224334,0.026996197718631182,0.08517110266159696,0.11977186311787072,0.18176020408163265,0.8182397959183674,0.8360591900311527,0.09929906542056073,0.014018691588785048,0.04400311526479751,0.00661993769470405,0.2770905492330529,0.09549727857496287,0.2988619495299357,0.010885700148441363,0.09054923305294407
15377,"Census Tract 126.02, San Francisco County, California",2688,2207,14,375,64,6,75,12602,2380.0,139063.0,1512,319,1193,2678,2059,316,84,167,52,1823,626,139,581,64,121,2018,06075012602,0.8210565476190477,0.005208333333333333,0.13950892857142858,0.023809523809523808,0.21097883597883604,0.7890211640211641,0.768857356235997,0.1179985063480209,0.03136669156086632,0.062359970126960415,0.019417475728155338,0.34339001645639056,0.07624794295117937,0.31870543060888645,0.03510696653867252,0.06637410861217773
15378,"Census Tract 129.01, San Francisco County, California",2661,2114,1,242,147,6,75,12901,2224.0,150625.0,1496,334,1162,2584,2197,277,40,53,17,1997,599,177,773,103,117,2018,06075012901,0.7944381811349117,0.0003757985719654265,0.09094325441563322,0.0552423900789177,0.2232620320855615,0.7767379679144385,0.8502321981424149,0.10719814241486067,0.015479876160990712,0.02051083591331269,0.006578947368421052,0.29994992488733097,0.0886329494241362,0.3870806209313971,0.05157736604907361,0.0585878818227341
15379,"Census Tract 129.02, San Francisco County, California",4026,3147,80,388,188,6,75,12902,2348.0,128407.0,2057,457,1600,3964,3110,520,247,46,41,3086,1087,154,1151,61,133,2018,06075012902,0.7816691505216096,0.01987083954297069,0.09637357178340784,0.04669647292598112,0.22216820612542534,0.7778317938745746,0.784561049445005,0.1311806256306761,0.062310797174571136,0.011604439959636729,0.010343087790110998,0.3522359040829553,0.04990278677900194,0.3729747245625405,0.019766688269604663,0.043097861309138036
15380,"Census Tract 131.01, San Francisco County, California",4139,3010,82,594,388,6,75,13101,2516.0,146932.0,2451,369,2082,3992,3020,353,200,246,173,3029,524,119,1074,26,445,2018,06075013101,0.7272287992268663,0.019811548683256824,0.14351292582749456,0.09374244986711766,0.15055079559363524,0.8494492044063647,0.7565130260521042,0.08842685370741482,0.050100200400801605,0.06162324649298598,0.04333667334669339,0.17299438758666227,0.03928689336414658,0.35457246616044896,0.008583690987124462,0.14691317266424564
15381,"Census Tract 131.02, San Francisco County, California",2959,1908,9,595,231,6,75,13102,2558.0,162045.0,1514,306,1208,2927,2320,191,210,181,25,2047,595,85,631,77,330,2018,06075013102,0.6448124366339979,0.0030415680973301788,0.2010814464346063,0.07806691449814128,0.20211360634081896,0.7978863936591809,0.792620430474889,0.06525452681926887,0.0717458148274684,0.061838059446532284,0.008541168431841476,0.2906692721055203,0.04152418172936004,0.3082559843673669,0.03761602344894968,0.1612115290669272
15424,"Census Tract 158.01, San Francisco County, California",4164,1630,1110,697,426,6,75,15801,1407.0,76689.0,1800,579,1221,4149,3652,282,103,36,76,2111,347,143,1014,176,212,2018,06075015801,0.3914505283381364,0.2665706051873199,0.16738712776176753,0.10230547550432276,0.32166666666666666,0.6783333333333333,0.8802120993010364,0.06796818510484454,0.024825259098577968,0.008676789587852495,0.0183176669076886,0.1643770724774988,0.06774040738986263,0.4803410705826622,0.08337280909521554,0.1004263382283278
15425,"Census Tract 158.02, San Francisco County, California",3321,2098,204,247,478,6,75,15802,1738.0,132540.0,1586,307,1279,3193,2771,222,69,76,55,2386,451,131,946,301,241,2018,06075015802,0.6317374284853959,0.06142728093947606,0.07437518819632641,0.1439325504366155,0.1935687263556116,0.8064312736443884,0.8678358910115879,0.0695270905104917,0.021609771374882555,0.023802067021609773,0.017225180081428124,0.18901927912824806,0.054903604358759434,0.3964794635373009,0.12615255658005028,0.10100586756077116
15426,"Census Tract 168.01, San Francisco County, California",3746,2438,145,401,544,6,75,16801,1828.0,111250.0,1795,314,1481,3680,3104,156,157,198,65,2890,563,75,1287,235,316,2018,06075016801,0.6508275493860117,0.03870795515216231,0.10704751735184197,0.14522156967431926,0.17493036211699164,0.8250696378830084,0.8434782608695652,0.042391304347826085,0.04266304347826087,0.053804347826086965,0.017663043478260868,0.19480968858131487,0.025951557093425604,0.4453287197231834,0.08131487889273356,0.1093425605536332
15427,"Census Tract 168.02, San Francisco County, California",3642,1739,299,767,718,6,75,16802,1594.0,96071.0,1984,446,1538,3588,3046,407,84,43,8,2504,567,51,998,133,508,2018,06075016802,0.4774848984074685,0.08209774848984075,0.2105985722130697,0.1971444261394838,0.2247983870967742,0.7752016129032258,0.8489409141583054,0.11343366778149387,0.023411371237458192,0.011984392419175028,0.002229654403567447,0.2264376996805112,0.02036741214057508,0.3985623003194888,0.0531150159744409,0.2028753993610224
15428,"Census Tract 171.01, San Francisco County, California",3888,2931,177,311,183,6,75,17101,2375.0,173214.0,1700,745,955,3868,3031,683,80,25,49,2512,731,70,1065,142,166,2018,06075017101,0.7538580246913579,0.045524691358024685,0.07998971193415637,0.0470679012345679,0.4382352941176471,0.5617647058823529,0.7836091003102379,0.1765770423991727,0.02068252326783868,0.006463288521199586,0.012668045501551187,0.2910031847133758,0.027866242038216558,0.4239649681528662,0.056528662420382174,0.0660828025477707
15429,"Census Tract 171.02, San Francisco County, California",3828,2657,120,417,410,6,75,17102,2416.0,159167.0,1658,687,971,3805,3310,185,133,121,56,2441,736,86,1109,110,173,2018,06075017102,0.6940961337513062,0.03134796238244514,0.10893416927899686,0.1071055381400209,0.4143546441495778,0.5856453558504222,0.8699080157687253,0.04862023653088042,0.03495400788436268,0.031800262812089364,0.014717477003942181,0.30151577222449816,0.03523146251536256,0.4543219991806637,0.04506349856616141,0.0708725931995084
15430,"Census Tract 178.01, San Francisco County, California",3654,1129,118,2129,201,6,75,17801,433.0,22450.0,2389,392,1997,3615,3017,340,99,109,50,1429,165,29,365,22,566,2018,06075017801,0.3089764641488779,0.032293377120963335,0.5826491516146689,0.055008210180623976,0.16408539137714526,0.8359146086228547,0.8345781466113417,0.09405255878284924,0.02738589211618257,0.030152143845089907,0.013831258644536652,0.11546536039188245,0.02029391182645206,0.2554233729881036,0.015395381385584325,0.3960811756473058
15431,"Census Tract 178.02, San Francisco County, California",5782,1919,576,1710,1117,6,75,17802,1395.0,74005.0,2535,567,1968,5782,4240,636,368,325,213,3298,541,92,1027,137,960,2018,06075017802,0.3318920788654445,0.09961950882047736,0.2957454168107921,0.19318574887582152,0.22366863905325446,0.7763313609467456,0.7333102732618471,0.10999654098927708,0.06364579730197162,0.05620892424766517,0.036838464199239015,0.164038811400849,0.02789569436021832,0.3114008489993936,0.04154032747119466,0.2910855063674955
15432,"Census Tract 204.01, San Francisco County, California",3260,2276,71,518,186,6,75,20401,2413.0,159412.0,1590,888,702,3229,2543,249,232,87,118,2216,926,84,811,17,82,2018,06075020401,0.698159509202454,0.02177914110429448,0.1588957055214724,0.05705521472392638,0.5584905660377358,0.44150943396226416,0.7875503251780737,0.0771136574790957,0.07184886961907712,0.026943326107153918,0.03654382161659957,0.41787003610108303,0.03790613718411552,0.3659747292418773,0.007671480144404331,0.03700361010830325
15433,"Census Tract 204.02, San Francisco County, California",4675,2849,64,715,862,6,75,20402,2100.0,112818.0,2495,695,1800,4613,3795,168,298,225,127,3310,1721,285,1054,42,14,2018,06075020402,0.6094117647058823,0.013689839572192513,0.15294117647058825,0.18438502673796792,0.2785571142284569,0.7214428857715431,0.8226750487752005,0.036418816388467376,0.0646000433557338,0.048775200520268805,0.027530890960329502,0.5199395770392751,0.08610271903323262,0.318429003021148,0.012688821752265862,0.004229607250755287
15434,"Census Tract 227.04, San Francisco County, California",3297,2326,29,539,213,6,75,22704,2350.0,185345.0,1540,947,593,3252,2961,121,54,103,13,2126,826,193,519,171,197,2018,06075022704,0.7054898392478011,0.008795875037913254,0.16348195329087048,0.0646041856232939,0.6149350649350649,0.3850649350649351,0.9105166051660516,0.03720787207872079,0.016605166051660517,0.03167281672816728,0.003997539975399754,0.3885230479774224,0.0907808090310442,0.24412041392285985,0.08043273753527752,0.09266227657572906
15435,"Census Tract 257.01, San Francisco County, California",5307,590,116,3265,1268,6,75,25701,2000.0,98724.0,1458,1163,295,5223,5103,75,12,9,24,2732,1292,351,803,42,96,2018,06075025701,0.11117392123610326,0.02185792349726776,0.6152251742980969,0.23892971547013375,0.7976680384087792,0.20233196159122085,0.9770246984491672,0.014359563469270534,0.002297530155083285,0.0017231476163124641,0.004595060310166571,0.472913616398243,0.12847730600292825,0.2939238653001464,0.015373352855051243,0.03513909224011713
15436,"Census Tract 313.01, San Francisco County, California",4510,910,861,2110,376,6,75,31301,2533.0,101116.0,1279,979,300,4485,4252,124,44,19,46,2316,1100,204,700,20,28,2018,06075031301,0.2017738359201774,0.19090909090909086,0.4678492239467849,0.08337028824833702,0.7654417513682564,0.23455824863174354,0.9480490523968784,0.027647714604236345,0.00981047937569677,0.00423634336677815,0.010256410256410256,0.4749568221070812,0.08808290155440414,0.3022452504317789,0.008635578583765112,0.012089810017271158
15437,"Census Tract 257.02, San Francisco County, California",4427,345,116,2658,1203,6,75,25702,1686.0,65875.0,1248,646,602,4411,4159,117,31,11,93,2123,1067,152,758,22,55,2018,06075025702,0.07793087869889316,0.026202846171222045,0.6004065958888638,0.27174158572396656,0.5176282051282052,0.4823717948717949,0.9428700974835638,0.0265245975969168,0.007027884833371118,0.002493765586034913,0.021083654500113357,0.5025906735751295,0.07159679698539803,0.3570419218087612,0.010362694300518135,0.02590673575129533
15438,"Census Tract 312.01, San Francisco County, California",7251,1355,223,4275,1053,6,75,31201,1664.0,83381.0,2073,1051,1022,7193,6682,237,224,50,0,4226,1762,466,1477,58,158,2018,06075031201,0.18687077644462832,0.030754378706385324,0.589573851882499,0.1452213487794787,0.5069946936806561,0.493005306319344,0.9289587098568052,0.03294870012512165,0.031141387460030583,0.00695120255804254,0.0,0.4169427354472314,0.110269758637009,0.34950307619498344,0.013724562233790821,0.03738760056791292
15439,"Census Tract 312.02, San Francisco County, California",3515,277,455,2073,475,6,75,31202,1967.0,79712.0,909,624,285,3477,3170,145,39,86,37,1874,795,148,819,6,50,2018,06075031202,0.07880512091038408,0.1294452347083926,0.5897581792318635,0.13513513513513514,0.6864686468646864,0.31353135313531355,0.9117054932413,0.04170261719873454,0.011216566005176877,0.024733966062697732,0.010641357492090884,0.4242262540021345,0.07897545357524012,0.4370330843116329,0.0032017075773746,0.026680896478121663
15440,"Census Tract 313.02, San Francisco County, California",6198,684,702,3558,964,6,75,31302,2147.0,77260.0,1972,1298,674,6160,5348,466,300,20,26,3427,1601,348,1289,9,0,2018,06075031302,0.11035818005808323,0.1132623426911907,0.57405614714424,0.15553404323975475,0.6582150101419878,0.3417849898580121,0.8681818181818182,0.07564935064935065,0.048701298701298704,0.003246753246753247,0.004220779220779221,0.4671724540414357,0.10154654216515904,0.3761307265830172,0.0026262036766851477,0.0
15441,"Census Tract 326.01, San Francisco County, California",5404,1514,163,2611,531,6,75,32601,1872.0,116128.0,1823,725,1098,5370,4687,265,327,14,77,3149,1347,238,1157,146,137,2018,06075032601,0.2801628423390081,0.030162842339008143,0.48316062176165797,0.09826054774241302,0.3976961053208996,0.6023038946791004,0.8728119180633147,0.049348230912476726,0.06089385474860335,0.0026070763500931093,0.014338919925512103,0.4277548428072404,0.07557954906319468,0.3674182280088917,0.0463639250555732,0.043505874880914584
15442,"Census Tract 326.02, San Francisco County, California",4891,1503,9,2809,425,6,75,32602,1996.0,96932.0,1817,818,999,4838,4509,131,142,22,34,2374,856,225,888,51,86,2018,06075032602,0.3072991208341853,0.001840114496013085,0.5743201799223063,0.08689429564506236,0.45019262520638414,0.5498073747936159,0.9319966928482843,0.0270773046713518,0.02935097147581645,0.00454733360892931,0.007027697395618024,0.36057287278854255,0.09477674810446504,0.37405223251895536,0.02148272957034541,0.03622577927548441
15443,"Census Tract 328.01, San Francisco County, California",4396,1040,132,2619,458,6,75,32801,2206.0,114290.0,1469,830,639,4383,3812,507,53,11,0,2303,911,271,908,19,48,2018,06075032801,0.23657870791628755,0.030027297543221112,0.5957688808007281,0.10418562329390356,0.5650102110279102,0.43498978897208973,0.8697239333789641,0.11567419575633127,0.012092174309833448,0.002509696554871093,0.0,0.3955709943551889,0.11767260095527572,0.3942683456361268,0.008250108554059922,0.02084237950499349
15523,"Census Tract 328.02, San Francisco County, California",4355,1117,102,2717,145,6,75,32802,2252.0,103861.0,1561,924,637,4316,3869,400,36,11,0,2357,1007,283,830,36,85,2018,06075032802,0.2564867967853042,0.023421354764638348,0.6238805970149254,0.03329506314580941,0.5919282511210763,0.4080717488789238,0.8964318813716404,0.09267840593141798,0.008341056533827619,0.0025486561631139944,0.0,0.4272380144251167,0.12006788290199405,0.35214255409418754,0.015273652948663556,0.036062791684344515
15524,"Census Tract 332.04, San Francisco County, California",4806,1393,433,1482,1068,6,75,33204,1908.0,62701.0,1679,0,1679,4799,3224,579,686,51,259,2503,840,287,914,0,293,2018,06075033204,0.28984602580108193,0.09009571369121933,0.3083645443196005,0.2222222222222222,0.0,1.0,0.6718066263804959,0.12065013544488434,0.1429464471764951,0.010627214002917277,0.05396957699520733,0.3355972832600879,0.11466240511386334,0.3651618058330004,0.0,0.11705952856572112
15525,"Census Tract 329.01, San Francisco County, California",5765,1312,10,3637,416,6,75,32901,2288.0,112500.0,1740,1347,393,5740,5470,161,34,38,37,2928,1331,332,876,51,75,2018,06075032901,0.22758022549869905,0.0017346053772766695,0.6308759757155247,0.07215958369470946,0.7741379310344828,0.22586206896551725,0.9529616724738676,0.028048780487804882,0.005923344947735192,0.00662020905923345,0.006445993031358885,0.4545765027322404,0.1133879781420765,0.2991803278688525,0.017418032786885244,0.025614754098360656
15526,"Census Tract 329.02, San Francisco County, California",4211,1047,0,2910,134,6,75,32902,2613.0,94545.0,1398,1037,361,4181,3917,130,54,0,80,2107,927,202,546,126,127,2018,06075032902,0.2486345286155308,0.0,0.6910472571835669,0.03182142009023985,0.7417739628040058,0.2582260371959943,0.9368572111934944,0.03109303994259746,0.012915570437694332,0.0,0.019134178426213826,0.4399620313241576,0.09587090650213574,0.2591362126245847,0.05980066445182725,0.060275272899857624
15527,"Census Tract 332.03, San Francisco County, California",3797,1630,280,1148,560,6,75,33203,2123.0,47188.0,1550,88,1462,3784,2847,495,187,45,210,2101,988,146,694,16,161,2018,06075033203,0.4292862786410324,0.07374242823281538,0.30234395575454304,0.14748485646563075,0.0567741935483871,0.9432258064516128,0.7523784355179705,0.1308139534883721,0.04941860465116279,0.011892177589852008,0.0554968287526427,0.470252260828177,0.06949071870537839,0.3303188957639219,0.007615421227986674,0.07663017610661589
15528,"Census Tract 426.01, San Francisco County, California",3824,1888,235,1277,227,6,75,42601,1828.0,84805.0,1744,541,1203,3770,3320,224,123,60,43,2192,730,213,793,101,48,2018,06075042601,0.493723849372385,0.06145397489539749,0.33394351464435146,0.059361924686192474,0.31020642201834864,0.6897935779816514,0.8806366047745358,0.059416445623342175,0.03262599469496021,0.015915119363395226,0.011405835543766578,0.333029197080292,0.09717153284671533,0.3617700729927008,0.046076642335766416,0.021897810218978103
15529,"Census Tract 426.02, San Francisco County, California",3022,1568,22,1037,129,6,75,42602,2125.0,128375.0,1416,424,992,2953,2559,221,69,91,13,1796,550,183,652,35,71,2018,06075042602,0.5188616810059563,0.007279947054930509,0.343150231634679,0.04268696227663799,0.2994350282485876,0.7005649717514124,0.866576363020657,0.07483914663054521,0.02336606840501185,0.03081611920081273,0.0044023027429732475,0.3062360801781737,0.10189309576837416,0.36302895322939865,0.019487750556792874,0.03953229398663697
15530,"Census Tract 478.01, San Francisco County, California",4521,1566,88,2266,201,6,75,47801,1893.0,108525.0,1715,857,858,4446,4106,177,67,0,96,2460,1065,185,947,58,79,2018,06075047801,0.34638354346383543,0.0194647201946472,0.5012165450121655,0.044459190444591914,0.4997084548104957,0.5002915451895044,0.9235267656320288,0.0398110661268556,0.015069725596041384,0.0,0.021592442645074227,0.4329268292682927,0.07520325203252033,0.3849593495934959,0.023577235772357725,0.03211382113821138
15531,"Census Tract 478.02, San Francisco County, California",3783,1460,28,1818,334,6,75,47802,1897.0,91250.0,1419,613,806,3735,3378,152,163,10,32,2147,677,216,829,18,96,2018,06075047802,0.3859370869680148,0.007401533174729052,0.4805709754163362,0.08828971715569654,0.4319943622269204,0.5680056377730797,0.9044176706827308,0.04069611780455154,0.04364123159303882,0.002677376171352075,0.00856760374832664,0.3153237074988356,0.10060549604098742,0.3861201676758267,0.008383791336748951,0.04471355379599441
15532,"Census Tract 611, San Francisco County, California",4692,174,13,4383,0,6,75,61100,572.0,18990.0,2062,93,1969,4619,4296,261,7,21,34,1831,277,98,574,24,807,2018,06075061100,0.0370843989769821,0.002770673486786018,0.9341432225063938,0.0,0.04510184287099903,0.9548981571290011,0.9300714440355056,0.05650573717254818,0.0015154795410261962,0.0045464386230785895,0.007360900627841524,0.1512834516657564,0.05352266521026761,0.3134898962315674,0.013107591480065538,0.4407427635172037
15533,"Census Tract 612, San Francisco County, California",4293,406,1007,1161,1678,6,75,61200,960.0,59866.0,1229,523,706,4254,4099,94,43,9,9,1987,1125,189,409,70,79,2018,06075061200,0.09457255998136503,0.2345679012345679,0.27044025157232704,0.3908688562776613,0.4255492270138324,0.5744507729861676,0.963563704748472,0.022096850023507288,0.010108133521391631,0.002115655853314528,0.002115655853314528,0.5661801711122295,0.09511826874685456,0.2058379466532461,0.035228988424760944,0.03975842979365878
15534,"Census Tract 614, San Francisco County, California",5977,2507,506,1270,1154,6,75,61400,1614.0,127813.0,2521,1129,1392,5881,4898,606,59,278,40,3080,1115,187,739,347,157,2018,06075061400,0.4194411912330601,0.08465785511125982,0.2124811778484189,0.19307344821816969,0.4478381594605315,0.5521618405394685,0.8328515558578473,0.10304370005101174,0.010032307430709065,0.047270872300629145,0.006801564359802755,0.36201298701298706,0.060714285714285714,0.2399350649350649,0.11266233766233764,0.050974025974025984
15535,"Census Tract 9802, San Francisco County, California",305,158,52,79,6,6,75,980200,2324.0,164250.0,57,35,22,305,252,36,5,6,6,61,39,5,12,0,0,2018,06075980200,0.5180327868852459,0.17049180327868851,0.2590163934426229,0.019672131147540985,0.6140350877192983,0.3859649122807017,0.8262295081967214,0.1180327868852459,0.016393442622950817,0.019672131147540985,0.019672131147540985,0.639344262295082,0.08196721311475409,0.19672131147540986,0.0,0.0
15536,"Census Tract 9803, San Francisco County, California",66,55,0,6,0,6,75,980300,1925.0,,49,0,49,66,51,0,10,5,0,61,20,0,35,0,6,2018,06075980300,0.8333333333333334,0.0,0.09090909090909093,0.0,0.0,1.0,0.7727272727272727,0.0,0.15151515151515152,0.07575757575757576,0.0,0.3278688524590164,0.0,0.5737704918032787,0.0,0.09836065573770493
15537,"Census Tract 9804.01, San Francisco County, California",0,0,0,0,0,6,75,980401,,,0,0,0,0,0,0,0,0,0,0,0,0,0,0,0,2018,06075980401,,,,,,,,,,,,,,,,
15538,"Census Tract 9805.01, San Francisco County, California",669,4,146,326,143,6,75,980501,283.0,17750.0,246,44,202,664,619,41,0,4,0,183,103,14,49,0,10,2018,06075980501,0.005979073243647235,0.21823617339312407,0.4872944693572496,0.21375186846038866,0.17886178861788618,0.8211382113821138,0.9322289156626506,0.061746987951807226,0.0,0.006024096385542169,0.0,0.5628415300546448,0.07650273224043716,0.2677595628415301,0.0,0.0546448087431694
15539,"Census Tract 9806, San Francisco County, California",575,103,233,98,124,6,75,980600,859.0,62875.0,225,146,79,570,447,102,5,0,16,274,102,15,130,10,13,2018,06075980600,0.1791304347826087,0.4052173913043478,0.17043478260869566,0.21565217391304348,0.6488888888888888,0.3511111111111111,0.7842105263157895,0.17894736842105266,0.008771929824561403,0.0,0.02807017543859649,0.3722627737226277,0.054744525547445265,0.4744525547445255,0.0364963503649635,0.04744525547445255
15540,"Census Tract 9809, San Francisco County, California",272,138,17,49,58,6,75,980900,2703.0,,154,16,138,257,233,0,0,24,0,184,38,11,34,26,9,2018,06075980900,0.5073529411764706,0.0625,0.1801470588235294,0.21323529411764705,0.1038961038961039,0.8961038961038961,0.906614785992218,0.0,0.0,0.0933852140077821,0.0,0.2065217391304348,0.059782608695652176,0.18478260869565216,0.14130434782608695,0.04891304347826087
15541,"Census Tract 9901, San Francisco County, California",0,0,0,0,0,6,75,990100,,,0,0,0,0,0,0,0,0,0,0,0,0,0,0,0,2018,06075990100,,,,,,,,,,,,,,,,
