APN_old,APN,address,project_name,jurisdiction_id,unit,tenure,date_submit,vli_dr,vli_ndr,li_dr,li_ndr,mi_dr,mi_ndr,ami,proposed,approved,disapproved,SB35,notes
,3180190,11 Frida Kahlo Wy,Balboa Reservoir,2018-007883PRJ,5+,R,2018-06-01,0,0,80,0,107,0,913,1100,1100,0,No,
,3755023,1140 HARRISON ST,,2016-001738PRJ,5+,R,2018-04-27,0,0,0,0,0,0,371,371,371,0,No,
,3725090,941 MISSION ST,,2018-011363PRJ,5+,R,2018-08-17,0,0,57,0,0,0,245,302,302,0,No,
,3808004,188 HOOPER ST,,2016-001557PRJ,5+,R,2018-02-16,0,0,0,0,0,0,280,280,280,0,No,
,3725068,475 MINNA ST,,2018-016055PRJ,5+,R,2018-11-27,0,0,54,0,0,0,216,270,270,0,Yes-But no action taken,
,3703040,1068 MISSION ST,,2018-010889PRJ,5+,R,2018-10-23,0,0,254,0,0,0,0,254,254,0,Yes-Approved,
,0317009,474 OFARRELL ST,,2013.1535,5+,R,2018-10-29,0,0,28,0,0,0,148,176,176,0,No,
,8711020,691 CHINA BASIN ST,,2018-006123PRJ,5+,R,2018-04-19,0,0,0,0,0,0,152,152,152,0,No,
,0345017,361 TURK ST,,2012.1531,5+,R,2018-04-13,0,0,0,0,0,0,146,146,146,0,No,
,6973039,2340 SAN JOSE AV,,2017-012151PRJ,5+,R,2018-07-03,0,0,131,0,0,0,0,131,131,0,Yes-Approved,
,4022028,681 FLORIDA ST,,2017-014088PRJ,5+,R,2018-02-21,0,0,130,0,0,0,0,130,130,0,Yes-Approved,
,3753007,360 05TH ST,,2015-005863PRJ,5+,R,2018-05-31,0,0,18,0,0,0,109,127,127,0,No,
,4060001,888 TENNESSEE ST,,2013.0975,5+,R,2018-08-20,0,0,0,0,0,0,109,109,109,0,No,
,8901002,1 AVENUE OF THE PALMS *,,2007.0903,5+,R,2018-10-22,0,0,105,0,0,0,0,105,105,0,No,
,0345002,145 LEAVENWORTH ST,,2018-006029PRJ,5+,R,2018-04-13,0,0,0,0,0,0,98,98,98,0,No,
,3534058,1965 MARKET ST,,2018-008345PRJ,5+,R,2018-06-08,0,0,19,0,0,0,77,96,96,0,No,
,3753122,999 FOLSOM ST,,2013.0538,5+,R,2018-04-30,0,0,15,0,0,0,80,95,95,0,No,
,3591024,793 SOUTH VAN NESS AV,,2015-001360PRJ,5+,R,2018-05-15,0,0,11,0,0,0,64,75,75,0,No,
,3521055,351 12TH ST,,2018-004545PRJ,5+,R,2018-09-26,3,0,3,0,2,0,42,50,50,0,No,
,6522064,3001 24TH ST,,2017-002915PRJ,5+,R,2018-06-04,0,0,45,0,0,0,0,45,45,0,Yes-Approved,
,3542008,2140 MARKET ST,,2018-013577PRJ,5+,R,2018-12-18,3,0,0,0,0,0,30,33,33,0,No,
,3543003A,2135 MARKET ST,,2018-013451PRJ,5+,R,2018-12-14,3,0,0,0,0,0,27,30,30,0,No,
,3148001,4550 MISSION ST,,2017-015691PRJ,5+,R,2018-07-13,0,0,3,0,0,0,21,24,24,0,No,
,3726030,1088 HOWARD ST,,2017-009796PRJ,5+,O,2018-07-02,0,0,3,0,0,0,21,24,24,0,No,
,3753070,255 SHIPLEY ST,,2016-012030PRJ,5+,O,2018-11-08,0,0,3,0,0,0,21,24,24,0,No,
,3212023,352 OCEAN AV,,2017-001961PRJ,5+,O,2018-04-26,0,0,2,0,0,0,22,24,24,0,No,
,0334028,519 ELLIS ST,,2018-008501PRJ,5+,O,2018-06-08,0,0,0,0,0,0,21,21,21,0,No,
,3596099,811 VALENCIA ST,,2018-009487PRJ,5+,R,2018-11-15,0,0,0,0,0,0,19,19,19,0,No,
,5478003,3303 SAN BRUNO AV,,2016-015876PRJ,5+,R,2018-08-02,0,0,4,0,3,0,11,18,18,0,No,
,3730290,280 07TH ST,,2016-004946PRJ,5+,R,2018-09-20,0,0,2,0,0,0,15,17,17,0,No,
,1901001,3601 LAWTON ST,,2015-009053PRJ,5+,O,2018-03-06,0,0,3,0,0,0,12,15,15,0,No,
,0667020,1525 PINE ST,,2015-009955PRJ,5+,R,2018-02-08,0,0,2,0,0,0,13,15,15,0,No,
,5478003,3303 SAN BRUNO AV,,2016-015876PRJ,5+,R,2018-08-02,0,0,0,0,0,0,15,15,15,0,No,
,3610010,986 SOUTH VAN NESS AV,,2018-012918PRJ,5+,R,2018-09-14,0,0,1,0,0,0,10,11,11,0,No,
,7098004,5616 MISSION ST,,2017-013929PRJ,5+,R,2018-07-06,0,0,2,0,0,0,8,10,10,0,No,
,0809001,301 GROVE ST,,2015-015133PRJ,5+,R,2018-03-13,0,0,0,0,0,0,9,9,9,0,No,
,1103013,70 TERRA VISTA AV,,2018-015411PRJ,ADU,R,2018-11-09,0,0,0,0,0,9,0,9,9,0,No,
,6532010A,350 SAN JOSE AV,,2017-015039PRJ,5+,R,2018-04-03,0,0,0,0,0,0,8,8,8,0,No,
,5843008,900 ELLSWORTH ST,,2018-016226PRL,5+,R,2018-11-27,0,0,0,0,0,0,8,8,8,0,No,
,0505015,1671 LOMBARD ST,,2018-007399PRJ,ADU,R,2018-01-17,0,0,0,0,0,7,0,7,7,0,No,
,0576011,1856 PACIFIC AV,,2018-001265PRJ,ADU,R,2018-01-12,0,0,0,0,0,7,0,7,7,0,No,
,0665005,1523 FRANKLIN ST,,2015-015129PRJ,5+,R,2018-05-24,0,0,0,0,0,0,7,7,7,0,No,
,1036038,3641 CALIFORNIA ST,,2018-007764PRJ,5+,R,2018-09-10,0,0,0,0,0,0,7,7,7,0,No,
,4167013,1395 22ND ST,,2011.0671,5+,R,2018-12-17,0,0,0,0,0,0,7,7,7,0,No,
,0299009,780 POST ST,,2018-008410PRJ,ADU,R,2018-06-11,0,0,0,0,0,6,0,6,6,0,No,
,0493015,1990 LOMBARD ST,,2018-006115PRJ,5+,R,2018-03-27,0,0,0,0,0,0,6,6,6,0,No,
,0225001,757 GRANT AV,,2018-005616PRJ,5+,R,2018-07-19,0,0,0,0,0,0,6,6,6,0,No,
,0640004,1801 GOUGH ST,,2018-003539PRJ,ADU,R,2018-03-08,0,0,0,0,0,5,0,5,5,0,No,
,3640025,2779 FOLSOM ST,,2018-003324PRJ,5+,R,2018-04-04,0,0,0,0,0,0,5,5,5,0,No,
,4142001,900 POTRERO AV,,2018-003530PRJ,ADU,R,2018-02-22,0,0,0,0,0,5,0,5,5,0,No,
,1159004,709 LYON ST,,2018-006172PRJ,5+,R,2018-04-23,0,0,0,0,0,0,5,5,5,0,No,
,0544006,1776 GREEN ST,,2018-011430PRJ,5+,R,2018-08-01,0,0,0,0,0,0,5,5,5,0,No,
,0442A001,1801 BEACH ST,,2016-011421PRJ,ADU,R,2018-08-14,0,0,0,0,0,5,0,5,5,0,No,
,1706071,4326 IRVING ST,,2018-015717PRJ,ADU,R,2018-11-16,0,0,0,0,0,5,0,5,5,0,No,
,0186013,1720 LARKIN ST,,2018-008323PRJ,5+,R,2018-05-30,0,0,0,0,0,0,5,5,5,0,No,
,3567042,3231 16TH ST,,2018-011065PRJ,5+,R,2018-08-07,0,0,0,0,0,0,5,5,5,0,No,
,1703017,1295 47TH AV,,2018-007483PRJ,ADU,R,2018-05-11,0,0,0,0,0,4,0,4,4,0,No,
,3147030,4534 MISSION ST,,2018-001801PRJ,ADU,R,2018-02-01,0,0,0,0,0,4,0,4,4,0,No,
,0181004,1351 MASON ST,,2018-002665PRJ,ADU,R,2018-02-09,0,0,0,0,0,4,0,4,4,0,No,
,0145018,65 FRESNO ST,,2018-008516PRJ,2 to 4,O,2018-06-07,0,0,0,0,0,0,4,4,4,0,No,
,3542028,101 SANCHEZ ST,,2018-009716PRJ,ADU,R,2018-07-13,0,0,0,0,0,4,0,4,4,0,No,
,0672004,1440 SUTTER ST,,2018-004005PRJ,ADU,R,2018-01-30,0,0,0,0,0,4,0,4,4,0,No,
,3731113,31 HARRIET ST,,2018-001698PRJ,ADU,R,2018-01-30,0,0,0,0,0,4,0,4,4,0,No,
,1212022,2175 HAYES ST,,2018-009157PRJ,2 to 4,O,2018-06-28,0,0,0,0,0,0,4,4,4,0,No,
,0051010,71 WATER ST,,2017-001515PRJ,ADU,R,2018-01-10,0,0,0,0,0,4,0,4,4,0,No,
,0321038,725 OFARRELL ST,,2018-011600PRJ,ADU,R,2018-07-19,0,0,0,0,0,4,0,4,4,0,No,
,1474021,464 43RD AV,,2018-012896PRJ,ADU,R,2018-09-20,0,0,0,0,0,4,0,4,4,0,No,
,0648001,1801 CALIFORNIA ST,,2018-010040PRJ,ADU,R,2018-11-20,0,0,0,0,0,4,0,4,4,0,No,
,1362014,4005 CALIFORNIA ST,,2018-010945PRJ,ADU,R,2018-10-26,0,0,0,0,0,4,0,4,4,0,No,
,0194032,627 JACKSON ST,,2018-009025PRL,5+,R,2018-04-16,0,0,0,0,0,0,4,4,4,0,No,
,0496016A,1555 CHESTNUT ST,,2018-007638PRJ,ADU,R,2018-05-03,0,0,0,0,0,3,0,3,3,0,No,
,1000026,3099 WASHINGTON ST,,2018-007986PRJ,ADU,R,2018-05-03,0,0,0,0,0,3,0,3,3,0,No,
,3583016,4000 19TH ST,,2018-005797PRJ,ADU,R,2018-03-30,0,0,0,0,0,3,0,3,3,0,No,
,1007024,3245 CLAY ST,,2018-008900PRJ,ADU,R,2018-06-12,0,0,0,0,0,3,0,3,3,0,No,
,0149019,1616 TAYLOR ST,,2018-003610PRJ,5+,R,2018-03-13,0,0,0,0,0,0,3,3,3,0,No,
,0336014,550 LARKIN ST,,2018-006276PRJ,ADU,R,2018-04-16,0,0,0,0,0,3,0,3,3,0,No,
,3605051A,390 LIBERTY ST,,2018-006609PRJ,ADU,R,2018-04-05,0,0,0,0,0,3,0,3,3,0,No,
,0091022,2016 TAYLOR ST,,2018-006839PRJ,ADU,R,2018-04-26,0,0,0,0,0,3,0,3,3,0,No,
,0524015A,1380 FILBERT ST,,2018-009354PRJ,ADU,R,2018-06-26,0,0,0,0,0,3,0,3,3,0,No,
,3775059,108 SOUTH PARK *,,2018-008840PRJ,2 to 4,O,2018-05-25,0,0,0,0,0,0,3,3,3,0,No,
,7099010,5690 MISSION ST,,2018-011033PRJ,2 to 4,O,2018-07-30,0,0,0,0,0,0,3,3,3,0,No,
,1074001,2601 SUTTER ST,,2018-014021PRJ,2 to 4,O,2018-10-03,0,0,0,0,0,0,3,3,3,0,No,
,2649011,68 DIAMOND ST,,2018-013744PRJ,ADU,R,2018-10-10,0,0,0,0,0,3,0,3,3,0,No,
,0858019,393 HAIGHT ST,,2018-016815PRJ,ADU,R,2018-12-13,0,0,0,0,0,3,0,3,3,0,No,
,6531006,1424 VALENCIA ST,,2018-012292PRJ,ADU,R,2018-09-26,0,0,0,0,0,3,0,3,3,0,No,
,1202001A,651 SCOTT ST,,2016-010367PRJ,5+,R,2018-11-20,0,0,0,0,0,0,3,3,3,0,No,
,1009012,3454 SACRAMENTO ST,,2018-016683PRJ,5+,R,2018-11-19,0,0,0,0,0,0,3,3,3,0,No,
,6472093,5875 MISSION ST,,2019-000117PRJ,2 to 4,O,2018-11-29,0,0,0,0,0,0,3,3,3,0,No,
,3613030,2985 21ST ST,,2016-002874PRJ,2 to 4,O,2018-03-07,0,0,0,0,0,0,3,3,3,0,No,
,3613030,2985 21ST ST,,2016-002874PRJ,2 to 4,O,2018-03-07,0,0,0,0,0,0,3,3,3,0,No,
,2831013,4152 24TH ST,,2016-004355PRJ,2 to 4,O,2018-09-11,0,0,0,0,0,0,3,3,3,0,No,
,3730290,280 07TH ST,,2016-004946PRJ,2 to 4,O,2018-09-20,0,0,0,0,0,0,3,3,3,0,No,
,1081019,2478 GEARY BL,,2016-006164PRJ,2 to 4,O,2018-05-08,0,0,0,0,0,0,3,3,3,0,No,
,6514024,221 SAN JOSE AV,,2018-003086PRJ,ADU,R,2018-05-22,0,0,0,0,0,3,0,3,3,0,No,
,7504024,36 AMBER DR,,2018-006260PRJ,2 to 4,O,2018-12-19,0,0,0,0,0,0,3,3,3,0,No,
,7504024,36 AMBER DR,,2018-006260PRJ,2 to 4,O,2018-12-19,0,0,0,0,0,0,3,3,3,0,No,
,7504024,36 AMBER DR,,2018-006260PRJ,2 to 4,O,2018-12-19,0,0,0,0,0,0,3,3,3,0,No,
,5668018,237 CORTLAND AV,,2018-008362PRJ,2 to 4,O,2018-06-07,0,0,0,0,0,0,3,3,3,0,No,
,1204032,1359 HAYES ST,,2018-009103PRJ,ADU,R,2018-05-17,0,0,0,0,0,3,0,3,3,0,No,
,1435007,349 03RD AV,,2018-010465PRJ,2 to 4,O,2018-07-30,0,0,0,0,0,0,3,3,3,0,No,
,2353010,1420 TARAVAL ST,,2018-011904PRJ,2 to 4,O,2018-08-08,0,0,0,0,0,0,3,3,3,0,No,
,6941006,271 GRANADA AV,,2018-013139PRJ,2 to 4,O,2018-08-23,0,0,0,0,0,0,3,3,3,0,No,
,4788001,1301 REVERE AV,,2018-007233PRJ,2 to 4,O,2018-01-16,0,0,0,0,0,0,2,2,2,0,No,
,3727086,611 MINNA ST,,2018-009426PRJ,ADU,R,2018-06-15,0,0,0,0,0,2,0,2,2,0,No,
,1370027,180 11TH AV,,2018-007451PRJ,ADU,R,2018-05-14,0,0,0,0,0,2,0,2,2,0,No,
,0621019,1637 CLAY ST,,2018-008061PRJ,ADU,R,2018-05-24,0,0,0,0,0,2,0,2,2,0,No,
,3755113,182 LANGTON ST,,2018-001227PRJ,ADU,R,2018-04-02,0,0,0,0,0,2,0,2,2,0,No,
,0535007,2348 UNION ST,,2017-007518PRJ,ADU,R,2018-02-06,0,0,0,0,0,2,0,2,2,0,No,
,3610049,3421 20TH ST,,2018-004775PRJ,ADU,R,2018-03-29,0,0,0,0,0,2,0,2,2,0,No,
,4158064,2119 22ND ST,,2018-009949PRJ,2 to 4,O,2018-05-24,0,0,0,0,0,0,2,2,2,0,No,
,1199024,460 LYON ST,,2018-008037PRJ,ADU,R,2018-05-31,0,0,0,0,0,2,0,2,2,0,No,
,0335018,677 ELLIS ST,,2018-007848PRJ,ADU,R,2018-05-01,0,0,0,0,0,2,0,2,2,0,No,
,1161016,2547 TURK BL,,2018-007465PRJ,2 to 4,O,2018-05-21,0,0,0,0,0,0,2,2,2,0,No,
,4787012A,1290 SHAFTER AV,,2018-008185PRJ,ADU,R,2018-05-22,0,0,0,0,0,2,0,2,2,0,No,
,0463A032,33 CAPRA WY,,2018-001940PRJ,2 to 4,O,2018-06-01,0,0,0,0,0,0,2,2,2,0,No,
,4757014,1187 PALOU AV,,2018-008183PRJ,ADU,R,2018-05-22,0,0,0,0,0,2,0,2,2,0,No,
,5462010,38 CARR ST,,2018-007778PRJ,ADU,R,2018-05-22,0,0,0,0,0,2,0,2,2,0,No,
,4791025,1395 SHAFTER AV,,2018-008186PRJ,ADU,R,2018-05-22,0,0,0,0,0,2,0,2,2,0,No,
,2696007,654 CASTRO ST,,2018-003090PRJ,ADU,R,2018-02-21,0,0,0,0,0,2,0,2,2,0,No,
,1202006,1220 HAYES ST,,2018-003089PRJ,ADU,R,2018-01-16,0,0,0,0,0,2,0,2,2,0,No,
,2358012,2395 29TH AV,,2018-003064PRJ,ADU,R,2018-02-22,0,0,0,0,0,2,0,2,2,0,No,
,1190001A,43 COLE ST,,2018-001711PRJ,ADU,R,2018-01-25,0,0,0,0,0,2,0,2,2,0,No,
,1082003,20 LEONA TR,,2018-008447PRJ,ADU,R,2018-03-19,0,0,0,0,0,2,0,2,2,0,No,
,2052A023,1800 16TH AV,,2018-006024PRJ,ADU,R,2018-04-11,0,0,0,0,0,2,0,2,2,0,No,
,0050011,28 HOUSTON ST,,2018-010351PRJ,2 to 4,O,2018-07-26,0,0,0,0,0,0,2,2,2,0,No,
,1155001,945 SCOTT ST,,2018-000872PRJ,2 to 4,O,2018-01-04,0,0,0,0,0,0,2,2,2,0,No,
,1272011,144 PARNASSUS AV,,2018-002983PRJ,ADU,R,2018-02-08,0,0,0,0,0,2,0,2,2,0,No,
,3576066,30 SYCAMORE ST,,2018-001919PRJ,ADU,R,2018-02-01,0,0,0,0,0,2,0,2,2,0,No,
,0226004,625 KEARNY ST,,2018-008271PRJ,2 to 4,O,2018-05-24,0,0,0,0,0,0,2,2,2,0,No,
,6520002,2816 FOLSOM ST,,2018-002667PRJ,ADU,R,2018-02-12,0,0,0,0,0,2,0,2,2,0,No,
,3610013,3124 21ST ST,,2018-002343PRJ,ADU,R,2018-01-22,0,0,0,0,0,2,0,2,2,0,No,
,0844036,748 PAGE ST,,2018-008295PRJ,ADU,R,2018-05-10,0,0,0,0,0,2,0,2,2,0,No,
,3555034,307 GUERRERO ST,,2018-009208PRJ,ADU,R,2018-06-29,0,0,0,0,0,2,0,2,2,0,No,
,0280008,930 SUTTER ST,,2018-009206PRJ,ADU,R,2018-06-29,0,0,0,0,0,2,0,2,2,0,No,
,3549034,359 SOUTH VAN NESS AV,,2018-006184PRJ,5+,R,2018-04-12,0,0,0,0,0,0,2,2,2,0,No,
,6521032,2847 FOLSOM ST,,2018-005376PRJ,ADU,R,2018-04-05,0,0,0,0,0,2,0,2,2,0,No,
,5802036,3933 MISSION ST,,2018-003947PRJ,ADU,R,2018-03-13,0,0,0,0,0,2,0,2,2,0,No,
,1157006A,1712 MCALLISTER ST,,2018-001150PRJ,ADU,R,2018-01-09,0,0,0,0,0,2,0,2,2,0,No,
,1185020,1690 GROVE ST,,2018-001433PRJ,ADU,R,2018-01-11,0,0,0,0,0,2,0,2,2,0,No,
,6509003,1226 CHURCH ST,,2018-003687PRJ,ADU,R,2018-03-12,0,0,0,0,0,2,0,2,2,0,No,
,1222025,1000 MASONIC AV,,2018-003972PRJ,ADU,R,2018-03-16,0,0,0,0,0,2,0,2,2,0,No,
,1153007A,1720 GOLDEN GATE AV,,2018-006705PRJ,ADU,R,2018-05-03,0,0,0,0,0,2,0,2,2,0,No,
,1378004,129 18TH AV,,2018-006391PRJ,ADU,R,2018-04-27,0,0,0,0,0,2,0,2,2,0,No,
,1074016,2562 POST ST,,2018-009955PRJ,ADU,R,2018-06-28,0,0,0,0,0,2,0,2,2,0,No,
,1189002D,2000 GROVE ST,,2018-007006PRJ,ADU,R,2018-05-09,0,0,0,0,0,2,0,2,2,0,No,
,1363007,125 03RD AV,,2018-003824PRJ,ADU,R,2018-02-28,0,0,0,0,0,2,0,2,2,0,No,
,1231020,544 CLAYTON ST,,2018-006951PRJ,ADU,R,2018-05-01,0,0,0,0,0,2,0,2,2,0,No,
,5457038,2845 SAN BRUNO AV,,2018-004511PRJ,ADU,R,2018-03-27,0,0,0,0,0,2,0,2,2,0,No,
,0524009,2407 LARKIN ST,,2018-006846PRJ,ADU,R,2018-05-02,0,0,0,0,0,2,0,2,2,0,No,
,0634015,2002 PIERCE ST,,2018-004007PRJ,ADU,R,2018-03-20,0,0,0,0,0,2,0,2,2,0,No,
,1157009,1780 MCALLISTER ST,,2018-004126PRJ,ADU,R,2018-03-13,0,0,0,0,0,2,0,2,2,0,No,
,1583046,600 41ST AV,,2018-004235PRJ,ADU,R,2018-03-23,0,0,0,0,0,2,0,2,2,0,No,
,1610023,754 35TH AV,,2018-007204PRJ,2 to 4,O,2018-05-15,0,0,0,0,0,0,2,2,2,0,No,
,2717006,3360 MARKET ST,,2018-007253PRJ,2 to 4,O,2018-06-11,0,0,0,0,0,0,2,2,2,0,No,
,3617036,69 HILL ST,,2018-008522PRJ,ADU,R,2018-06-06,0,0,0,0,0,2,0,2,2,0,No,
,6515023,1341 VALENCIA ST,,2018-008504PRJ,ADU,R,2018-06-12,0,0,0,0,0,2,0,2,2,0,No,
,1160035,2121 GOLDEN GATE AV,,2018-012677PRJ,2 to 4,O,2018-08-22,0,0,0,0,0,0,2,2,2,0,No,
,0807062,440 IVY ST,,2018-006787PRJ,2 to 4,O,2018-09-10,0,0,0,0,0,0,2,2,2,0,No,
,3641010C,2782 FOLSOM ST,,2018-011330PRJ,5+,R,2018-07-03,0,0,0,0,0,0,2,2,2,0,No,
,2355012,1644 TARAVAL ST,,2018-011956PRJ,2 to 4,O,2018-07-20,0,0,0,0,0,0,2,2,2,0,No,
,0719012A,1075 OFARRELL ST,,2018-011536PRJ,ADU,R,2018-08-22,0,0,0,0,0,2,0,2,2,0,No,
,0938017C,2539 LOMBARD ST,,2018-012157PRJ,ADU,R,2018-07-25,0,0,0,0,0,2,0,2,2,0,No,
,0613028,2232 WEBSTER ST,,2018-002923PRJ,2 to 4,O,2018-08-21,0,0,0,0,0,0,2,2,2,0,No,
,1243002,91 CENTRAL AV,,2018-012119PRJ,ADU,R,2018-09-05,0,0,0,0,0,2,0,2,2,0,No,
,3565077,3475 16TH ST,,2018-011135PRJ,ADU,R,2018-08-14,0,0,0,0,0,2,0,2,2,0,No,
,1115017,2 ENCANTO AV,,2018-011001PRJ,ADU,R,2018-07-26,0,0,0,0,0,2,0,2,2,0,No,
,0184017,1 WALL PL,,2018-014538PRJ,ADU,R,2018-10-24,0,0,0,0,0,2,0,2,2,0,No,
,0838021,275 OAK ST,,2018-003024PRJ,ADU,R,2018-10-26,0,0,0,0,0,2,0,2,2,0,No,
,4073026,740 RHODE ISLAND ST,,2018-014702PRJ,ADU,R,2018-10-26,0,0,0,0,0,2,0,2,2,0,No,
,0596013,1542 JACKSON ST,,2018-014210PRJ,ADU,R,2018-10-17,0,0,0,0,0,2,0,2,2,0,No,
,0793025,485 FULTON ST,,2018-014218PRJ,ADU,R,2018-10-17,0,0,0,0,0,2,0,2,2,0,No,
,0129008,810 VALLEJO ST,,2018-014281PRJ,ADU,R,2018-10-17,0,0,0,0,0,2,0,2,2,0,No,
,1225026,428 COLE ST,,2018-013340PRJ,ADU,R,2018-10-26,0,0,0,0,0,2,0,2,2,0,No,
,4104015,569 PENNSYLVANIA AV,,2018-016066PRJ,ADU,R,2018-10-24,0,0,0,0,0,2,0,2,2,0,No,
,4791026,1391 SHAFTER AV,,2018-011328PRJ,ADU,R,2018-08-16,0,0,0,0,0,2,0,2,2,0,No,
,0848003,333 FILLMORE ST,,2018-016993PRJ,ADU,R,2018-12-10,0,0,0,0,0,2,0,2,2,0,No,
,0213020,1250 TAYLOR ST,,2018-017122PRJ,ADU,R,2018-12-20,0,0,0,0,0,2,0,2,2,0,No,
,0121002,1011 UNION ST,,2018-015699PRJ,ADU,R,2018-11-16,0,0,0,0,0,2,0,2,2,0,No,
,0216010,1450 CLAY ST,,2018-011993PRJ,ADU,R,2018-08-28,0,0,0,0,0,2,0,2,2,0,No,
,0862027,723 HAIGHT ST,,2018-015001PRJ,ADU,R,2018-11-30,0,0,0,0,0,2,0,2,2,0,No,
,3630024,165 CHATTANOOGA ST,,2018-008664PRJ,ADU,R,2018-11-21,0,0,0,0,0,2,0,2,2,0,No,
,2657021,35 HATTIE ST,,2018-000829PRL,2 to 4,O,2018-01-11,0,0,0,0,0,0,2,2,2,0,No,
,0848003A,325 FILLMORE ST,,2018-012286PRL,2 to 4,O,2018-08-31,0,0,0,0,0,0,2,2,2,0,No,
,6722012,108 BOSWORTH ST,,2018-015324PRL,2 to 4,O,2018-11-08,0,0,0,0,0,0,2,2,2,0,No,
,0875013,34 STEINER ST,,2018-015987PRL,5+,R,2018-09-12,0,0,0,0,0,0,2,2,2,0,No,
,1067034,48 COOK ST,,2017-010174PRJ,2 to 4,O,2018-03-30,0,0,0,0,0,0,2,2,2,0,No,
,6548009,232 CLIPPER ST,,2017-011414PRJ,2 to 4,O,2018-07-11,0,0,0,0,0,0,2,2,2,0,No,
,4162026,828 ARKANSAS ST,,2017-016520PRJ,2 to 4,O,2018-03-07,0,0,0,0,0,0,2,2,2,0,No,
,6562037,4211 26TH ST,,2018-001088PRJ,2 to 4,O,2018-01-09,0,0,0,0,0,0,2,2,2,0,No,
,2607037,284 ROOSEVELT WY,,2018-001982PRJ,2 to 4,O,2018-02-05,0,0,0,0,0,0,2,2,2,0,No,
,1026005,2704 CALIFORNIA ST,,2018-002318PRJ,2 to 4,O,2018-01-10,0,0,0,0,0,0,2,2,2,0,No,
,1026005,2704 CALIFORNIA ST,,2018-002318PRJ,2 to 4,O,2018-01-10,0,0,0,0,0,0,2,2,2,0,No,
,6514024,221 SAN JOSE AV,,2018-003086PRJ,ADU,R,2018-02-20,0,0,0,0,0,2,0,2,2,0,No,
,1240007,820 WALLER ST,,2018-005375PRJ,ADU,R,2018-01-25,0,0,0,0,0,2,0,2,2,0,No,
,0076020,1918 POWELL ST,,2018-008630PRJ,2 to 4,O,2018-02-08,0,0,0,0,0,0,2,2,2,0,No,
,0500025,45 CULEBRA TR,,2018-009534PRJ,2 to 4,O,2018-07-03,0,0,0,0,0,0,2,2,2,0,No,
,5279017,1654 KIRKWOOD AV,,2018-010081PRJ,2 to 4,O,2018-05-25,0,0,0,0,0,0,2,2,2,0,No,
,5826005,120 BACHE ST,,2018-010353PRJ,2 to 4,O,2018-07-30,0,0,0,0,0,0,2,2,2,0,No,
,5826005,120 BACHE ST,,2018-010353PRJ,2 to 4,O,2018-07-30,0,0,0,0,0,0,2,2,2,0,No,
,5826005,120 BACHE ST,,2018-010353PRJ,2 to 4,O,2018-07-30,0,0,0,0,0,0,2,2,2,0,No,
,0114034,379 UNION ST,,2018-011294PRJ,ADU,R,2018-08-16,0,0,0,0,0,2,0,2,2,0,No,
,2402034,1349 TARAVAL ST,,2015-010714PRJ,2 to 4,O,2018-05-09,0,0,0,0,0,0,1,1,1,0,No,
,2831013,4152 24TH ST,,2016-004355PRJ,SFD,O,2018-09-11,0,0,0,0,0,0,1,1,1,0,No,
,7212004A,3075 25TH AV,,2018-004037PRJ,ADU,R,2018-03-13,0,0,0,0,0,1,0,1,1,0,No,
,6306038,119 PEABODY ST,,2018-006319PRJ,ADU,R,2018-04-24,0,0,0,0,0,1,0,1,1,0,No,
,0179040,821 PACIFIC AV,,2018-006320PRJ,ADU,R,2018-04-25,0,0,0,0,0,1,0,1,1,0,No,
,5434A007,1886 DONNER AV,,2018-002706PRJ,ADU,R,2018-02-16,0,0,0,0,0,1,0,1,1,0,No,
,2853009,998 BURNETT AV,,2018-002705PRJ,ADU,R,2018-02-20,0,0,0,0,0,1,0,1,1,0,No,
,5360024B,1539 SHAFTER AV,,2018-002707PRJ,ADU,R,2018-02-20,0,0,0,0,0,1,0,1,1,0,No,
,2406037,2451 19TH AV,,2018-007384PRJ,ADU,R,2018-05-18,0,0,0,0,0,1,0,1,1,0,No,
,1729006,1235 21ST AV,,2018-007388PRJ,ADU,R,2018-05-17,0,0,0,0,0,1,0,1,1,0,No,
,2163028,2082 44TH AV,,2018-009416PRJ,ADU,R,2018-06-28,0,0,0,0,0,1,0,1,1,0,No,
,3633009,46 ALVARADO ST,,2018-009424PRJ,ADU,R,2018-06-29,0,0,0,0,0,1,0,1,1,0,No,
,5853015,194 GAVEN ST,,2018-009413PRJ,ADU,R,2018-07-06,0,0,0,0,0,1,0,1,1,0,No,
,7092064,255 MINERVA ST,,2018-006321PRJ,ADU,R,2018-04-25,0,0,0,0,0,1,0,1,1,0,No,
,1553044,500 11TH AV,,2018-007391PRJ,ADU,R,2018-05-14,0,0,0,0,0,1,0,1,1,0,No,
,0604016,2350 WASHINGTON ST,,2018-007450PRJ,ADU,R,2018-05-01,0,0,0,0,0,1,0,1,1,0,No,
,0104027A,10 NOBLES AL,,2018-002575PRJ,ADU,R,2018-02-15,0,0,0,0,0,1,0,1,1,0,No,
,5330030,1983 PALOU AV,,2018-003472PRJ,ADU,R,2018-03-06,0,0,0,0,0,1,0,1,1,0,No,
,6578027,1475 CHURCH ST,,2018-007641PRJ,ADU,R,2018-05-22,0,0,0,0,0,1,0,1,1,0,No,
,0840019,445 OAK ST,,2018-007474PRJ,ADU,R,2018-05-01,0,0,0,0,0,1,0,1,1,0,No,
,6414034,1276 GENEVA AV,,2018-007495PRJ,ADU,R,2018-05-07,0,0,0,0,0,1,0,1,1,0,No,
,7116010,147 BRIGHT ST,,2018-007605PRJ,ADU,R,2018-05-09,0,0,0,0,0,1,0,1,1,0,No,
,0856011A,86 WALLER ST,,2018-007462PRJ,2 to 4,O,2018-05-17,0,0,0,0,0,0,1,1,1,0,No,
,5720034,73 LEESE ST,,2018-007172PRJ,ADU,R,2018-05-02,0,0,0,0,0,1,0,1,1,0,No,
,1711019D,3844 IRVING ST,,2018-007907PRJ,ADU,R,2018-05-31,0,0,0,0,0,1,0,1,1,0,No,
,1372021,5020 CALIFORNIA ST,,2018-006175PRJ,ADU,R,2018-04-19,0,0,0,0,0,1,0,1,1,0,No,
,6053019,534 WOOLSEY ST,,2018-006246PRJ,ADU,R,2018-03-22,0,0,0,0,0,1,0,1,1,0,No,
,1444013,363 12TH AV,,2018-008058PRJ,ADU,R,2018-05-29,0,0,0,0,0,1,0,1,1,0,No,
,5862A027,11 UNIVERSITY ST,,2018-010107PRJ,ADU,R,2018-07-03,0,0,0,0,0,1,0,1,1,0,No,
,3977001J,2005 17TH ST,,2018-009397PRJ,ADU,R,2018-06-25,0,0,0,0,0,1,0,1,1,0,No,
,1598022A,4542 CABRILLO ST,,2018-003462PRJ,ADU,R,2018-03-08,0,0,0,0,0,1,0,1,1,0,No,
,1772007,1318 18TH AV,,2018-003466PRJ,ADU,R,2018-02-21,0,0,0,0,0,1,0,1,1,0,No,
,3601075,695 NOE ST,,2018-002346PRJ,ADU,R,2018-02-12,0,0,0,0,0,1,0,1,1,0,No,
,2344A002,2307 15TH AV,,2018-002721PRJ,ADU,R,2018-02-21,0,0,0,0,0,1,0,1,1,0,No,
,0115063,451 UNION ST,,2018-007194PRJ,ADU,R,2018-05-15,0,0,0,0,0,1,0,1,1,0,No,
,1367028,190 08TH AV,,2018-006086PRJ,ADU,R,2018-04-12,0,0,0,0,0,1,0,1,1,0,No,
,6943057,206 HOLLOWAY AV,,2018-004429PRJ,ADU,R,2018-03-28,0,0,0,0,0,1,0,1,1,0,No,
,5071009,250 TOCOLOMA AV,,2018-004645PRJ,ADU,R,2018-03-30,0,0,0,0,0,1,0,1,1,0,No,
,1054027,2883 BUSH ST,,2018-006247PRJ,ADU,R,2018-04-11,0,0,0,0,0,1,0,1,1,0,No,
,0050020,651 FRANCISCO ST,,2018-010348PRJ,ADU,R,2018-07-26,0,0,0,0,0,1,0,1,1,0,No,
,7018047,225 GRAFTON AV,,2018-009816PRJ,ADU,R,2018-07-10,0,0,0,0,0,1,0,1,1,0,No,
,1894016,1569 48TH AV,,2018-009815PRJ,2 to 4,O,2018-03-05,0,0,0,0,0,0,1,1,1,0,No,
,2385042A,2400 41ST AV,,2018-007776PRJ,ADU,R,2018-05-25,0,0,0,0,0,1,0,1,1,0,No,
,3655063,1006 NOE ST,,2018-007525PRJ,ADU,R,2018-05-17,0,0,0,0,0,1,0,1,1,0,No,
,2032021,1738 18TH AV,,2018-008038PRJ,ADU,R,2018-06-04,0,0,0,0,0,1,0,1,1,0,No,
,1562006A,531 19TH AV,,2018-008406PRJ,2 to 4,O,2018-03-22,0,0,0,0,0,0,1,1,1,0,No,
,1742014,1275 08TH AV,,2018-008232PRJ,ADU,R,2018-06-05,0,0,0,0,0,1,0,1,1,0,No,
,1177030,1847 MCALLISTER ST,,2018-008818PRJ,ADU,R,2018-06-20,0,0,0,0,0,1,0,1,1,0,No,
,5361011,1566 UNDERWOOD AV,,2018-008225PRJ,ADU,R,2018-05-08,0,0,0,0,0,1,0,1,1,0,No,
,2626005,32 ORD ST,,2014-000174PRJ,2 to 4,O,2018-05-31,0,0,0,0,0,0,1,1,1,0,No,
,1918032,1662 26TH AV,,2018-008048PRJ,ADU,R,2018-04-27,0,0,0,0,0,1,0,1,1,0,No,
,2091040,1942 44TH AV,,2018-008275PRJ,ADU,R,2018-06-07,0,0,0,0,0,1,0,1,1,0,No,
,5676017,377 ELSIE ST,,2018-009058PRJ,ADU,R,2018-06-26,0,0,0,0,0,1,0,1,1,0,No,
,6482034,61 ROYAL LN,,2018-008036PRJ,ADU,R,2018-06-01,0,0,0,0,0,1,0,1,1,0,No,
,5900019,22 WEST VIEW AV,,2018-006904PRJ,ADU,R,2018-05-08,0,0,0,0,0,1,0,1,1,0,No,
,1222011,1438 PAGE ST,,2018-003440PRJ,ADU,R,2018-03-06,0,0,0,0,0,1,0,1,1,0,No,
,6252028,65 CORA ST,,2018-003518PRJ,ADU,R,2018-03-09,0,0,0,0,0,1,0,1,1,0,No,
,1067034,48 COOK ST,,2017-010174PRJ,SFD,O,2018-05-10,0,0,0,0,0,0,1,1,1,0,No,
,2041035,1726 09TH AV,,2018-000779PRJ,ADU,R,2018-01-08,0,0,0,0,0,1,0,1,1,0,No,
,1567038,694 25TH AV,,2018-008856PRJ,ADU,R,2018-06-20,0,0,0,0,0,1,0,1,1,0,No,
,1226014,1864 PAGE ST,,2018-003001PRJ,ADU,R,2018-02-22,0,0,0,0,0,1,0,1,1,0,No,
,1431020,124 CLEMENT ST,,2018-003091PRJ,ADU,R,2018-02-27,0,0,0,0,0,1,0,1,1,0,No,
,2317001,2215 RIVERA ST,,2018-001333PRJ,ADU,R,2018-01-23,0,0,0,0,0,1,0,1,1,0,No,
,0779015,904 STEINER ST,,2018-002110PRJ,2 to 4,O,2018-02-02,0,0,0,0,0,0,1,1,1,0,No,
,0516003,3043 WEBSTER ST,,2018-002262PRJ,ADU,R,2018-02-09,0,0,0,0,0,1,0,1,1,0,No,
,1825002A,1427 28TH AV,,2018-002109PRJ,ADU,R,2018-02-02,0,0,0,0,0,1,0,1,1,0,No,
,6016005,234 LISBON ST,,2018-002258PRJ,ADU,R,2018-02-09,0,0,0,0,0,1,0,1,1,0,No,
,1782009,1355 27TH AV,,2018-002270PRJ,ADU,R,2018-01-18,0,0,0,0,0,1,0,1,1,0,No,
,0133017,446 VALLEJO ST,,2018-002202PRJ,ADU,R,2018-02-08,0,0,0,0,0,1,0,1,1,0,No,
,3584003,512 SANCHEZ ST,,2018-003148PRJ,ADU,R,2018-03-01,0,0,0,0,0,1,0,1,1,0,No,
,0951025,2637 UNION ST,,2018-000739PRJ,2 to 4,O,2018-01-08,0,0,0,0,0,0,1,1,1,0,No,
,7029002B,43 RESTANI WY,,2018-000857PRJ,ADU,R,2018-01-09,0,0,0,0,0,1,0,1,1,0,No,
,5395064,27 LEDYARD ST,,2018-003441PRJ,ADU,R,2018-02-13,0,0,0,0,0,1,0,1,1,0,No,
,6655047,45 WHITNEY ST,,2018-001384PRJ,ADU,R,2018-01-08,0,0,0,0,0,1,0,1,1,0,No,
,7048023,112 LAKEVIEW AV,,2018-010245PRJ,ADU,R,2018-07-19,0,0,0,0,0,1,0,1,1,0,No,
,5521025,295 COSO AV,,2018-001607PRJ,ADU,R,2018-01-22,0,0,0,0,0,1,0,1,1,0,No,
,1195001D,123 ASHBURY ST,,2018-001646PRJ,ADU,R,2018-01-29,0,0,0,0,0,1,0,1,1,0,No,
,0221005,1260 SACRAMENTO ST,,2017-016437PRJ,SFD,O,2018-01-26,0,0,0,0,0,0,1,1,1,0,No,
,7103055,452 PLYMOUTH AV,,2018-001744PRJ,ADU,R,2018-01-30,0,0,0,0,0,1,0,1,1,0,No,
,2052A023,1800 16TH AV,,2018-005650PRJ,ADU,R,2018-04-10,0,0,0,0,0,1,0,1,1,0,No,
,3602065,667 CASTRO ST,,2018-005561PRJ,ADU,R,2018-01-10,0,0,0,0,0,1,0,1,1,0,No,
,5697043,145 BRONTE ST,,2018-001946PRJ,SFD,O,2018-02-02,0,0,0,0,0,0,1,1,1,0,No,
,2078018,3426 ORTEGA ST,,2018-006085PRJ,ADU,R,2018-04-20,0,0,0,0,0,1,0,1,1,0,No,
,1622008,643 22ND AV,,2018-008967PRJ,ADU,R,2018-06-21,0,0,0,0,0,1,0,1,1,0,No,
,4094014,878 RHODE ISLAND ST,,2018-006555PRJ,2 to 4,O,2018-04-24,0,0,0,0,0,0,1,1,1,0,No,
,3594020,861 SOUTH VAN NESS AV,,2017-015118PRJ,2 to 4,O,2018-03-26,0,0,0,0,0,0,1,1,1,0,No,
,2378031,2466 GREAT HY,,2018-005998PRJ,ADU,R,2018-04-13,0,0,0,0,0,1,0,1,1,0,No,
,2747005C,3533 MARKET ST,,2018-006113PRJ,ADU,R,2018-03-22,0,0,0,0,0,1,0,1,1,0,No,
,1909025,1646 35TH AV,,2018-005844PRJ,ADU,R,2018-04-02,0,0,0,0,0,1,0,1,1,0,No,
,1115001,71 TERRA VISTA AV,,2018-008902PRJ,ADU,R,2018-06-20,0,0,0,0,0,1,0,1,1,0,No,
,0856012,100 LAGUNA ST,,2018-002892PRJ,ADU,R,2018-02-23,0,0,0,0,0,1,0,1,1,0,No,
,1814016,1477 39TH AV,,2018-002779PRJ,ADU,R,2018-01-29,0,0,0,0,0,1,0,1,1,0,No,
,7219004B,222 EUCALYPTUS DR,,2018-002943PRJ,ADU,R,2018-02-26,0,0,0,0,0,1,0,1,1,0,No,
,0915012B,2047 JEFFERSON ST,,2018-002888PRJ,ADU,R,2018-02-16,0,0,0,0,0,1,0,1,1,0,No,
,1452038,322 21ST AV,,2018-003208PRJ,2 to 4,O,2018-03-01,0,0,0,0,0,0,1,1,1,0,No,
,6616013,30 VALLEY ST,,2018-001958PRJ,ADU,R,2018-02-02,0,0,0,0,0,1,0,1,1,0,No,
,1064040,170 COMMONWEALTH AV,,2018-002946PRJ,ADU,R,2018-02-16,0,0,0,0,0,1,0,1,1,0,No,
,1187009E,1851 FULTON ST,,2018-001986PRJ,ADU,R,2018-01-23,0,0,0,0,0,1,0,1,1,0,No,
,1238032,941 PAGE ST,,2018-001989PRJ,ADU,R,2018-01-23,0,0,0,0,0,1,0,1,1,0,No,
,0824007,1179 HAYES ST,,2018-002677PRJ,ADU,R,2018-02-20,0,0,0,0,0,1,0,1,1,0,No,
,1508031,534 37TH AV,,2018-002411PRJ,ADU,R,2018-02-05,0,0,0,0,0,1,0,1,1,0,No,
,0829015,522 OAK ST,,2018-002404PRJ,ADU,R,2018-02-13,0,0,0,0,0,1,0,1,1,0,No,
,3540092,191 HENRY ST,,2018-002475PRJ,ADU,R,2018-02-01,0,0,0,0,0,1,0,1,1,0,No,
,4940022,1366 GILMAN AV,,2018-002884PRJ,ADU,R,2018-02-22,0,0,0,0,0,1,0,1,1,0,No,
,1270067A,136 DELMAR ST,,2017-001095PRJ,2 to 4,O,2018-04-05,0,0,0,0,0,0,1,1,1,0,No,
,1834006,1463 19TH AV,,2018-009386PRJ,ADU,R,2018-07-03,0,0,0,0,0,1,0,1,1,0,No,
,0638004,2120 CALIFORNIA ST,,2018-009159PRJ,ADU,R,2018-04-05,0,0,0,0,0,1,0,1,1,0,No,
,4760018B,1441 QUESADA AV,,2018-009082PRJ,ADU,R,2018-06-26,0,0,0,0,0,1,0,1,1,0,No,
,1031026,3169 CALIFORNIA ST,,2018-001097PRJ,ADU,R,2018-01-05,0,0,0,0,0,1,0,1,1,0,No,
,0844020,336 PIERCE ST,,2015-006356PRJ,SFD,O,2018-06-22,0,0,0,0,0,0,1,1,1,0,No,
,1341026,27 17TH AV,,2017-000987PRJ,SFD,O,2018-06-25,0,0,0,0,0,0,1,1,1,0,No,
,1603049,4025 BALBOA ST,,2018-009033PRJ,ADU,R,2018-06-18,0,0,0,0,0,1,0,1,1,0,No,
,1908035,1662 36TH AV,,2018-009209PRJ,ADU,R,2018-06-29,0,0,0,0,0,1,0,1,1,0,No,
,5383017,2093 THOMAS AV,,2018-009165PRJ,ADU,R,2018-06-25,0,0,0,0,0,1,0,1,1,0,No,
,0453005C,990 BAY ST,,2018-009160PRJ,ADU,R,2018-04-05,0,0,0,0,0,1,0,1,1,0,No,
,5905007,52 GAMBIER ST,,2018-010089PRJ,ADU,R,2018-07-03,0,0,0,0,0,1,0,1,1,0,No,
,3260015,255 SAN BENITO WY,,2018-009557PRJ,ADU,R,2018-06-21,0,0,0,0,0,1,0,1,1,0,No,
,6762006,427 BADEN ST,,2018-009548PRJ,SFD,O,2018-07-06,0,0,0,0,0,0,1,1,1,0,No,
,5661019,823 CORTLAND AV,,2018-004080PRJ,ADU,R,2018-03-21,0,0,0,0,0,1,0,1,1,0,No,
,2406026,2450 20TH AV,,2018-003820PRJ,ADU,R,2018-03-15,0,0,0,0,0,1,0,1,1,0,No,
,1799014,1383 44TH AV,,2018-003773PRJ,ADU,R,2018-03-12,0,0,0,0,0,1,0,1,1,0,No,
,1622002,619 22ND AV,,2018-003779PRJ,2 to 4,O,2018-03-15,0,0,0,0,0,0,1,1,1,0,No,
,2324003,2249 25TH AV,,2018-004083PRJ,ADU,R,2018-03-20,0,0,0,0,0,1,0,1,1,0,No,
,6971A049,666 GENEVA AV,,2018-003813PRJ,ADU,R,2018-03-13,0,0,0,0,0,1,0,1,1,0,No,
,0726013,1428 STEINER ST,,2018-004032PRJ,ADU,R,2018-03-14,0,0,0,0,0,1,0,1,1,0,No,
,3589062,141 LEXINGTON ST,,2018-001271PRJ,ADU,R,2018-01-11,0,0,0,0,0,1,0,1,1,0,No,
,5697006,332 BRADFORD ST,,2018-001453PRJ,SFD,O,2018-01-19,0,0,0,0,0,0,1,1,1,0,No,
,3633009,46 ALVARADO ST,,2018-001236PRJ,ADU,R,2018-01-12,0,0,0,0,0,1,0,1,1,0,No,
,5659005,214 BANKS ST,,2018-001142PRJ,ADU,R,2018-01-12,0,0,0,0,0,1,0,1,1,0,No,
,1031026,3169 CALIFORNIA ST,,2018-001097PRJ,ADU,R,2018-09-24,0,0,0,0,0,1,0,1,1,0,No,
,6700032,2476 DIAMOND ST,,2018-001662PRJ,SFD,O,2018-01-23,0,0,0,0,0,0,1,1,1,0,No,
,1716027,1282 35TH AV,,2018-001437PRJ,2 to 4,O,2018-01-10,0,0,0,0,0,0,1,1,1,0,No,
,6304004,920 RUTLAND ST,,2018-001326PRJ,ADU,R,2018-01-18,0,0,0,0,0,1,0,1,1,0,No,
,2171054,3721 QUINTARA ST,,2018-001455PRJ,ADU,R,2018-01-19,0,0,0,0,0,1,0,1,1,0,No,
,0119009,1701 MASON ST,,2018-001378PRJ,ADU,R,2018-01-05,0,0,0,0,0,1,0,1,1,0,No,
,2541010,10 SLOAT BL,,2018-001561PRJ,ADU,R,2018-01-26,0,0,0,0,0,1,0,1,1,0,No,
,4031028,650 DE HARO ST,,2018-000952PRJ,ADU,R,2018-01-05,0,0,0,0,0,1,0,1,1,0,No,
,4944018,936 HOLLISTER AV,,2018-000990PRJ,ADU,R,2018-01-11,0,0,0,0,0,1,0,1,1,0,No,
,1798053,1310 44TH AV,,2018-001567PRJ,ADU,R,2018-01-26,0,0,0,0,0,1,0,1,1,0,No,
,1785019A,1374 31ST AV,,2018-001011PRJ,ADU,R,2018-01-04,0,0,0,0,0,1,0,1,1,0,No,
,3652031,1037 SANCHEZ ST,,2018-003677PRJ,ADU,R,2018-03-13,0,0,0,0,0,1,0,1,1,0,No,
,5343036,1745 REVERE AV,,2018-003608PRJ,ADU,R,2018-03-13,0,0,0,0,0,1,0,1,1,0,No,
,6927001,496 URBANO DR,,2018-003537PRJ,ADU,R,2018-01-04,0,0,0,0,0,1,0,1,1,0,No,
,0132044,421 GREEN ST,,2018-003673PRJ,ADU,R,2018-03-12,0,0,0,0,0,1,0,1,1,0,No,
,3584011,558 SANCHEZ ST,,2018-007273PRJ,ADU,R,2018-05-16,0,0,0,0,0,1,0,1,1,0,No,
,6529012B,3422 26TH ST,,2018-007337PRJ,ADU,R,2018-05-14,0,0,0,0,0,1,0,1,1,0,No,
,6954021C,88 ONONDAGA AV,,2018-007772PRJ,ADU,R,2018-05-29,0,0,0,0,0,1,0,1,1,0,No,
,2081005,1863 44TH AV,,2018-007691PRJ,ADU,R,2018-05-25,0,0,0,0,0,1,0,1,1,0,No,
,4914032,1279 EGBERT AV,,2018-007008PRJ,ADU,R,2018-05-09,0,0,0,0,0,1,0,1,1,0,No,
,7141030,3033 ALEMANY BL,,2018-006747PRJ,ADU,R,2018-05-04,0,0,0,0,0,1,0,1,1,0,No,
,4087037,2219 BRYANT ST,,2006.1340,2 to 4,O,2018-05-14,0,0,0,0,0,0,1,1,1,0,No,
,2698026A,247 EUREKA ST,,2018-007905PRJ,ADU,R,2018-05-31,0,0,0,0,0,1,0,1,1,0,No,
,0479002A,1324 CHESTNUT ST,,2018-006707PRJ,2 to 4,O,2018-05-03,0,0,0,0,0,0,1,1,1,0,No,
,1161016,2547 TURK ST,,2018-006131PRJ,ADU,R,2018-04-20,0,0,0,0,0,1,0,1,1,0,No,
,4789015,1461 REVERE AV,,2018-006128PRJ,ADU,R,2018-04-13,0,0,0,0,0,1,0,1,1,0,No,
,5931001,100 HAMILTON ST,,2018-006129PRJ,ADU,R,2018-04-19,0,0,0,0,0,1,0,1,1,0,No,
,5336007,130 BRIDGEVIEW DR,,2018-006083PRJ,ADU,R,2018-04-13,0,0,0,0,0,1,0,1,1,0,No,
,1766025,644 JUDAH ST,,2018-006281PRJ,ADU,R,2018-04-12,0,0,0,0,0,1,0,1,1,0,No,
,1419028,278 15TH AV,,2018-007086PRJ,2 to 4,O,2018-05-11,0,0,0,0,0,0,1,1,1,0,No,
,0272008,698 BUSH ST,,2018-006270PRJ,5+,R,2018-04-16,0,0,0,0,0,0,1,1,1,0,No,
,1896030,1666 48TH AV,,2018-006181PRJ,ADU,R,2018-04-19,0,0,0,0,0,1,0,1,1,0,No,
,1248018,624 SHRADER ST,,2018-006282PRJ,ADU,R,2018-04-13,0,0,0,0,0,1,0,1,1,0,No,
,6539010,4236 25TH ST,,2018-007063PRJ,ADU,R,2018-05-02,0,0,0,0,0,1,0,1,1,0,No,
,0076017,1906 POWELL ST,,2018-005643PRJ,ADU,R,2018-04-11,0,0,0,0,0,1,0,1,1,0,No,
,0525003,2345 LARKIN ST,,2018-005698PRJ,ADU,R,2018-04-13,0,0,0,0,0,1,0,1,1,0,No,
,3115053,675 MONTEREY BL,,2018-005677PRJ,ADU,R,2018-02-15,0,0,0,0,0,1,0,1,1,0,No,
,5501063,3329 CESAR CHAVEZ ST,,2018-003272PRJ,ADU,R,2018-03-02,0,0,0,0,0,1,0,1,1,0,No,
,3608011,3320 21ST ST,,2018-003192PRJ,ADU,R,2018-03-02,0,0,0,0,0,1,0,1,1,0,No,
,5334063,2144 REVERE AV,,2018-001139PRJ,SFD,O,2018-01-03,0,0,0,0,0,0,1,1,1,0,No,
,0574002,2047 POLK ST,,2018-003274PRJ,ADU,R,2018-03-05,0,0,0,0,0,1,0,1,1,0,No,
,1664021,4526 FULTON ST,,2018-003418PRJ,ADU,R,2018-03-07,0,0,0,0,0,1,0,1,1,0,No,
,1453011,355 21ST AV,,2018-003237PRJ,ADU,R,2018-03-05,0,0,0,0,0,1,0,1,1,0,No,
,5386021,1547 UNDERWOOD AV,,2018-005580PRJ,ADU,R,2018-03-21,0,0,0,0,0,1,0,1,1,0,No,
,6976004E,158 HOWTH ST,,2018-005558PRJ,ADU,R,2018-03-21,0,0,0,0,0,1,0,1,1,0,No,
,6976004E,158 HOWTH ST,,2018-005577PRJ,ADU,R,2018-03-23,0,0,0,0,0,1,0,1,1,0,No,
,3204035,195 OTSEGO AV,,2018-006936PRJ,ADU,R,2018-04-27,0,0,0,0,0,1,0,1,1,0,No,
,6728011,536 LAIDLEY ST,,2017-010211PRJ,ADU,R,2018-05-03,0,0,0,0,0,1,0,1,1,0,No,
,1540016,475 04TH AV,,2018-007173PRJ,ADU,R,2018-05-09,0,0,0,0,0,1,0,1,1,0,No,
,1260005,67 SCOTT ST,,2018-004540PRJ,ADU,R,2018-03-14,0,0,0,0,0,1,0,1,1,0,No,
,0213005,1100 CLAY ST,,2018-004332PRJ,ADU,R,2018-03-21,0,0,0,0,0,1,0,1,1,0,No,
,6656016,76 CHENERY ST,,2018-004390PRJ,2 to 4,O,2018-03-27,0,0,0,0,0,0,1,1,1,0,No,
,0604016,2350 WASHINGTON ST,,2018-004565PRJ,ADU,R,2018-03-29,0,0,0,0,0,1,0,1,1,0,No,
,6577032,3767 CESAR CHAVEZ ST,,2017-008957PRJ,ADU,R,2018-03-27,0,0,0,0,0,1,0,1,1,0,No,
,1229022,1871 PAGE ST,,2018-004462PRJ,ADU,R,2018-03-23,0,0,0,0,0,1,0,1,1,0,No,
,0508009,2040 GREENWICH ST,,2018-004497PRJ,SFD,O,2018-03-22,0,0,0,0,0,0,1,1,1,0,No,
,0299010,798 POST ST,,2018-004561PRJ,ADU,R,2018-03-29,0,0,0,0,0,1,0,1,1,0,No,
,1231020,544 CLAYTON ST,,2018-004496PRJ,ADU,R,2018-03-22,0,0,0,0,0,1,0,1,1,0,No,
,0181012,1036 JACKSON ST,,2018-004243PRJ,ADU,R,2018-03-08,0,0,0,0,0,1,0,1,1,0,No,
,2071009A,1887 34TH AV,,2018-004503PRJ,ADU,R,2018-03-29,0,0,0,0,0,1,0,1,1,0,No,
,1255058,71 DELMAR ST,,2018-004238PRJ,ADU,R,2018-01-17,0,0,0,0,0,1,0,1,1,0,No,
,7014024,200 FAXON AV,,2018-004514PRJ,ADU,R,2018-03-29,0,0,0,0,0,1,0,1,1,0,No,
,1450042,334 19TH AV,,2018-006525PRJ,ADU,R,2018-04-27,0,0,0,0,0,1,0,1,1,0,No,
,2101001,1901 33RD AV,,2018-006526PRJ,ADU,R,2018-04-10,0,0,0,0,0,1,0,1,1,0,No,
,2877015,15 MERCED AV,,2018-006448PRJ,ADU,R,2018-04-26,0,0,0,0,0,1,0,1,1,0,No,
,7141015,72 SEARS ST,,2018-006556PRJ,ADU,R,2018-04-24,0,0,0,0,0,1,0,1,1,0,No,
,0249023,1575 SACRAMENTO ST,,2018-007228PRJ,ADU,R,2018-03-23,0,0,0,0,0,1,0,1,1,0,No,
,2763027,781 CORBETT AV,,2018-007988PRJ,ADU,R,2018-06-01,0,0,0,0,0,1,0,1,1,0,No,
,1635022,676 10TH AV,,2018-006582PRJ,ADU,R,2018-04-30,0,0,0,0,0,1,0,1,1,0,No,
,2061009,1845 24TH AV,,2018-005404PRJ,ADU,R,2018-04-05,0,0,0,0,0,1,0,1,1,0,No,
,5888019,78 STONEYBROOK AV,,2018-005327PRJ,ADU,R,2018-03-29,0,0,0,0,0,1,0,1,1,0,No,
,1524013,481 20TH AV,,2018-005503PRJ,ADU,R,2018-04-09,0,0,0,0,0,1,0,1,1,0,No,
,6941032,442 HOLLOWAY AV,,2018-006611PRJ,ADU,R,2018-04-27,0,0,0,0,0,1,0,1,1,0,No,
,1856016,1577 10TH AV,,2018-006843PRJ,ADU,R,2018-05-07,0,0,0,0,0,1,0,1,1,0,No,
,5744030,259 CRESCENT AV,,2018-001232PRJ,ADU,R,2018-01-12,0,0,0,0,0,1,0,1,1,0,No,
,3144B025,56 NANTUCKET AV,,2018-010174PRJ,ADU,R,2018-07-23,0,0,0,0,0,1,0,1,1,0,No,
,6525009,2952 FOLSOM ST,,2018-010085PRJ,ADU,R,2018-07-19,0,0,0,0,0,1,0,1,1,0,No,
,3608011,3320 21ST ST,,2018-007041PRJ,ADU,R,2018-05-14,0,0,0,0,0,1,0,1,1,0,No,
,2612077,89 ROOSEVELT WY,,2018-007193PRJ,ADU,R,2018-05-02,0,0,0,0,0,1,0,1,1,0,No,
,5642008,266 COLERIDGE ST,,2018-008121PRJ,ADU,R,2018-05-30,0,0,0,0,0,1,0,1,1,0,No,
,3619027,3550 22ND ST,,2018-009280PRJ,ADU,R,2018-06-26,0,0,0,0,0,1,0,1,1,0,No,
,0065010,724 LOMBARD ST,,2018-003746PRJ,5+,R,2018-06-25,0,0,0,0,0,0,1,1,1,0,No,
,1262015,466 FREDERICK ST,,2018-009402PRJ,ADU,R,2018-06-05,0,0,0,0,0,1,0,1,1,0,No,
,1567039,698 25TH AV,,2018-009405PRJ,ADU,R,2018-06-20,0,0,0,0,0,1,0,1,1,0,No,
,4096067,1911 20TH ST,,2018-007634PRJ,2 to 4,O,2018-06-18,0,0,0,0,0,0,1,1,1,0,No,
,0868021,128 FILLMORE ST,,2018-008784PRJ,ADU,R,2018-06-19,0,0,0,0,0,1,0,1,1,0,No,
,3011069,48 MIRALOMA DR,,2018-008745PRJ,ADU,R,2018-06-15,0,0,0,0,0,1,0,1,1,0,No,
,1752022,253 HUGO ST,,2018-008387PRJ,ADU,R,2018-06-11,0,0,0,0,0,1,0,1,1,0,No,
,2072013,1865 35TH AV,,2018-008474PRJ,ADU,R,2018-06-13,0,0,0,0,0,1,0,1,1,0,No,
,1476028,4345 CLEMENT ST,,2018-008477PRJ,ADU,R,2018-06-12,0,0,0,0,0,1,0,1,1,0,No,
,0818012,474 FELL ST,,2018-009362PRJ,SFD,O,2018-06-14,0,0,0,0,0,0,1,1,1,0,No,
,0074054,899 COLUMBUS AV,,2017-000510PRJ,2 to 4,O,2018-07-19,0,0,0,0,0,0,1,1,1,0,No,
,1370041,124 11TH AV,,2018-009948PRJ,ADU,R,2018-06-07,0,0,0,0,0,1,0,1,1,0,No,
,7527017,462 GOLD MINE DR,,2018-007661PRJ,ADU,R,2018-05-24,0,0,0,0,0,1,0,1,1,0,No,
,0441A002,269 AVILA ST,,2018-007690PRJ,ADU,R,2018-05-24,0,0,0,0,0,1,0,1,1,0,No,
,5384D004B,1638 QUINT ST,,2018-010419PRJ,ADU,R,2018-07-27,0,0,0,0,0,1,0,1,1,0,No,
,1880029,1574 35TH AV,,2018-012192PRJ,ADU,R,2018-08-31,0,0,0,0,0,1,0,1,1,0,No,
,2040013,1785 09TH AV,,2018-012291PRJ,ADU,R,2018-09-04,0,0,0,0,0,1,0,1,1,0,No,
,1254008,737 ASHBURY ST,,2018-011662PRJ,ADU,R,2018-07-30,0,0,0,0,0,1,0,1,1,0,No,
,3142006,215 DETROIT ST,,2018-012787PRJ,2 to 4,O,2018-08-20,0,0,0,0,0,0,1,1,1,0,No,
,1168005,331 WILLARD ST,,2018-010548PRJ,ADU,R,2018-07-30,0,0,0,0,0,1,0,1,1,0,No,
,5904002,18 HARVARD ST,,2018-012656PRJ,ADU,R,2018-09-14,0,0,0,0,0,1,0,1,1,0,No,
,3587042,527 DOLORES ST,,2018-010487PRJ,ADU,R,2018-07-26,0,0,0,0,0,1,0,1,1,0,No,
,5723006,530 ANDERSON ST,,2018-012336PRJ,ADU,R,2018-09-07,0,0,0,0,0,1,0,1,1,0,No,
,6522044,2814 HARRISON ST,,2018-012634PRJ,ADU,R,2018-09-12,0,0,0,0,0,1,0,1,1,0,No,
,1126015,1980 EDDY ST,,2018-012718PRJ,2 to 4,O,2018-08-16,0,0,0,0,0,0,1,1,1,0,No,
,5673025,122 KINGSTON ST,,2018-012790PRJ,ADU,R,2018-09-14,0,0,0,0,0,1,0,1,1,0,No,
,0460A020,3550 WEBSTER ST,,2018-011406PRJ,ADU,R,2018-08-20,0,0,0,0,0,1,0,1,1,0,No,
,4967032,1223 HOLLISTER AV,,2018-011861PRJ,ADU,R,2018-08-28,0,0,0,0,0,1,0,1,1,0,No,
,1268048,327 FREDERICK ST,,2018-011711PRJ,ADU,R,2018-07-25,0,0,0,0,0,1,0,1,1,0,No,
,2123B001K,8 CRAGMONT AV,,2018-011656PRJ,ADU,R,2018-06-20,0,0,0,0,0,1,0,1,1,0,No,
,1432001,303 ARGUELLO BL,,2018-012998PRJ,ADU,R,2018-09-11,0,0,0,0,0,1,0,1,1,0,No,
,1881024,2930 LAWTON ST,,2018-010876PRJ,ADU,R,2018-07-25,0,0,0,0,0,1,0,1,1,0,No,
,2038A014,1773 11TH AV,,2018-011709PRJ,ADU,R,2018-08-24,0,0,0,0,0,1,0,1,1,0,No,
,5986001,300 SOMERSET ST,,2018-011735PRJ,ADU,R,2018-08-21,0,0,0,0,0,1,0,1,1,0,No,
,3054003,580 MELROSE AV,,2018-010975PRJ,ADU,R,2018-08-21,0,0,0,0,0,1,0,1,1,0,No,
,6306040,107 PEABODY ST,,2018-011892PRJ,ADU,R,2018-08-28,0,0,0,0,0,1,0,1,1,0,No,
,0644023,1637 SACRAMENTO ST,,2018-011020PRJ,ADU,R,2018-05-31,0,0,0,0,0,1,0,1,1,0,No,
,5387017,1535 VAN DYKE AV,,2018-010970PRJ,ADU,R,2018-08-08,0,0,0,0,0,1,0,1,1,0,No,
,7548027,50 SUSSEX ST,,2018-012825PRJ,ADU,R,2018-09-17,0,0,0,0,0,1,0,1,1,0,No,
,1891026,1582 46TH AV,,2018-012265PRJ,ADU,R,2018-09-05,0,0,0,0,0,1,0,1,1,0,No,
,6551019,3860 26TH ST,,2018-010977PRJ,ADU,R,2018-04-12,0,0,0,0,0,1,0,1,1,0,No,
,1115017,4 ENCANTO AV,,2018-010770PRJ,ADU,R,2018-07-31,0,0,0,0,0,1,0,1,1,0,No,
,1649011A,777 06TH AV,,2018-012650PRJ,ADU,R,2018-09-13,0,0,0,0,0,1,0,1,1,0,No,
,0798003,837 FILLMORE ST,,2018-012960PRJ,ADU,R,2018-09-19,0,0,0,0,0,1,0,1,1,0,No,
,2138006L,2083 18TH AV,,2018-012762PRJ,ADU,R,2018-09-18,0,0,0,0,0,1,0,1,1,0,No,
,1238032,941 PAGE ST,,2018-010656PRJ,ADU,R,2018-07-26,0,0,0,0,0,1,0,1,1,0,No,
,2933007,127 EDGEHILL WY,,2014.1100,SFD,O,2018-06-26,0,0,0,0,0,0,1,1,1,0,No,
,7025003,334 SAN MIGUEL ST,,2018-013059PRJ,ADU,R,2018-05-24,0,0,0,0,0,1,0,1,1,0,No,
,5353B010D,357 BRIDGEVIEW DR,,2018-011712PRJ,ADU,R,2018-08-24,0,0,0,0,0,1,0,1,1,0,No,
,1286004,567 BELVEDERE ST,,2018-013232PRJ,ADU,R,2018-09-19,0,0,0,0,0,1,0,1,1,0,No,
,3610013,3124 21ST ST,,2018-012486PRJ,ADU,R,2018-09-11,0,0,0,0,0,1,0,1,1,0,No,
,7081A038,4049 19TH AV,,2018-010895PRJ,ADU,R,2018-08-08,0,0,0,0,0,1,0,1,1,0,No,
,7009019A,106 SHIELDS ST,,2018-001650PRJ,ADU,R,2018-01-09,0,0,0,0,0,1,0,1,1,0,No,
,1137001,401 PARKER AV,,2018-010810PRJ,ADU,R,2018-08-03,0,0,0,0,0,1,0,1,1,0,No,
,1548010,539 05TH AV,,2018-012018PRJ,2 to 4,O,2018-08-27,0,0,0,0,0,0,1,1,1,0,No,
,7555009,366 SUSSEX ST,,2018-014113PRJ,2 to 4,O,2018-10-15,0,0,0,0,0,0,1,1,1,0,No,
,2933014,131 EDGEHILL WY,,2018-013426PRJ,SFD,O,2018-09-26,0,0,0,0,0,0,1,1,1,0,No,
,1642063,658 03RD AV,,2018-014460PRJ,ADU,R,2018-10-18,0,0,0,0,0,1,0,1,1,0,No,
,2934001,375 EDGEHILL WY,,2018-012337PRJ,ADU,R,2018-10-19,0,0,0,0,0,1,0,1,1,0,No,
,0220028,1256 LEAVENWORTH ST,,2018-014459PRJ,ADU,R,2018-10-19,0,0,0,0,0,1,0,1,1,0,No,
,1166013,2666 MCALLISTER ST,,2018-014455PRJ,ADU,R,2018-10-23,0,0,0,0,0,1,0,1,1,0,No,
,1872017,1546 27TH AV,,2018-014023PRJ,ADU,R,2018-10-11,0,0,0,0,0,1,0,1,1,0,No,
,7047039,59 CAINE AV,,2018-013882PRJ,ADU,R,2018-10-11,0,0,0,0,0,1,0,1,1,0,No,
,1570011,2618 BALBOA ST,,2018-013429PRJ,ADU,R,2018-10-03,0,0,0,0,0,1,0,1,1,0,No,
,5684016,3817 FOLSOM ST,,2018-013627PRJ,ADU,R,2018-10-05,0,0,0,0,0,1,0,1,1,0,No,
,2058001,1401 NORIEGA ST,,2018-013645PRJ,ADU,R,2018-09-20,0,0,0,0,0,1,0,1,1,0,No,
,6938020,612 HOLLOWAY AV,,2018-010149PRJ,2 to 4,O,2018-08-20,0,0,0,0,0,0,1,1,1,0,No,
,1289041,1278 STANYAN ST,,2018-014611PRJ,2 to 4,O,2018-10-24,0,0,0,0,0,0,1,1,1,0,No,
,0844021,352 PIERCE ST,,2018-013324PRJ,ADU,R,2018-09-24,0,0,0,0,0,1,0,1,1,0,No,
,5426033,2067 BANCROFT AV,,2018-013334PRJ,ADU,R,2018-04-16,0,0,0,0,0,1,0,1,1,0,No,
,4969039,1055 INGERSON AV,,2018-012893PRJ,ADU,R,2018-09-21,0,0,0,0,0,1,0,1,1,0,No,
,5615078,3259 MISSION ST,,2018-013519PRJ,ADU,R,2018-09-19,0,0,0,0,0,1,0,1,1,0,No,
,1434019,3836 GEARY BL,,2018-013904PRJ,ADU,R,2018-10-25,0,0,0,0,0,1,0,1,1,0,No,
,7207003,2941 23RD AV,,2018-015560PRJ,ADU,R,2018-11-09,0,0,0,0,0,1,0,1,1,0,No,
,2641033,299 EDGEWOOD AV,,2018-012092PRJ,ADU,R,2018-09-05,0,0,0,0,0,1,0,1,1,0,No,
,6742022,654 CHENERY ST,,2018-014852PRJ,2 to 4,O,2018-10-25,0,0,0,0,0,0,1,1,1,0,No,
,4914031,1182 FITZGERALD AV,,2018-014909PRJ,ADU,R,2018-10-31,0,0,0,0,0,1,0,1,1,0,No,
,7079033,46 BEVERLY ST,,2018-014904PRJ,ADU,R,2018-10-31,0,0,0,0,0,1,0,1,1,0,No,
,1254039,740 CLAYTON ST,,2018-015446PRJ,SFD,O,2018-11-01,0,0,0,0,0,0,1,1,1,0,No,
,2450016,2675 46TH AV,,2018-015206PRJ,ADU,R,2018-11-06,0,0,0,0,0,1,0,1,1,0,No,
,6260003A,30 HAHN ST,,2018-015455PRJ,ADU,R,2018-10-03,0,0,0,0,0,1,0,1,1,0,No,
,0104010,2 GENOA PL,,2018-013398PRJ,ADU,R,2018-09-27,0,0,0,0,0,1,0,1,1,0,No,
,2690031,4615 18TH ST,,2018-014936PRJ,ADU,R,2018-11-01,0,0,0,0,0,1,0,1,1,0,No,
,1516035,522 29TH AV,,2018-015444PRJ,ADU,R,2018-11-09,0,0,0,0,0,1,0,1,1,0,No,
,1159016A,812 CENTRAL AV,,2018-013339PRJ,ADU,R,2018-09-28,0,0,0,0,0,1,0,1,1,0,No,
,1774028,1374 20TH AV,,2018-014523PRJ,ADU,R,2018-10-24,0,0,0,0,0,1,0,1,1,0,No,
,6346002D,632 LONDON ST,,2018-011013PRJ,ADU,R,2018-11-07,0,0,0,0,0,1,0,1,1,0,No,
,2091052,3627 ORTEGA ST,,2018-014467PRJ,ADU,R,2018-10-02,0,0,0,0,0,1,0,1,1,0,No,
,2012016,1763 37TH AV,,2018-012586PRJ,2 to 4,O,2018-09-13,0,0,0,0,0,0,1,1,1,0,No,
,6011020,163 PARIS ST,,2018-014295PRJ,ADU,R,2018-10-18,0,0,0,0,0,1,0,1,1,0,No,
,1521016A,487 23RD AV,,2018-013369PRJ,2 to 4,O,2018-09-24,0,0,0,0,0,0,1,1,1,0,No,
,3645012,3542 24TH ST,,2018-014512PRJ,ADU,R,2018-10-24,0,0,0,0,0,1,0,1,1,0,No,
,5378010,28 WATERVILLE ST,,2018-014528PRJ,ADU,R,2018-10-24,0,0,0,0,0,1,0,1,1,0,No,
,2026009,1735 23RD AV,,2018-014093PRJ,ADU,R,2018-10-15,0,0,0,0,0,1,0,1,1,0,No,
,2087036,4033 ORTEGA ST,,2018-015255PRJ,ADU,R,2018-11-07,0,0,0,0,0,1,0,1,1,0,No,
,2346035,645 SANTIAGO ST,,2018-013668PRJ,ADU,R,2018-10-09,0,0,0,0,0,1,0,1,1,0,No,
,5609027,55 FAIR AV,,2018-014526PRJ,ADU,R,2018-10-24,0,0,0,0,0,1,0,1,1,0,No,
,6480032,201 POPE ST,,2018-014993PRJ,ADU,R,2018-10-31,0,0,0,0,0,1,0,1,1,0,No,
,1812033,1446 42ND AV,,2018-013735PRJ,SFD,O,2018-10-10,0,0,0,0,0,0,1,1,1,0,No,
,1414012,263 19TH AV,,2018-013504PRJ,2 to 4,O,2018-09-26,0,0,0,0,0,0,1,1,1,0,No,
,2041015,1783 08TH AV,,2018-014415PRJ,ADU,R,2018-10-19,0,0,0,0,0,1,0,1,1,0,No,
,0520010,1750 FILBERT ST,,2018-013338PRJ,ADU,R,2018-10-09,0,0,0,0,0,1,0,1,1,0,No,
,4030031,655 KANSAS ST,,2018-014187PRJ,ADU,R,2018-10-17,0,0,0,0,0,1,0,1,1,0,No,
,3566004,352 DOLORES ST,,2018-014875PRJ,ADU,R,2018-05-31,0,0,0,0,0,1,0,1,1,0,No,
,0152032,1259 VALLEJO ST,,2018-013091PRJ,ADU,R,2018-08-22,0,0,0,0,0,1,0,1,1,0,No,
,4913010,1272 FITZGERALD AV,,2018-013236PRJ,ADU,R,2018-02-22,0,0,0,0,0,1,0,1,1,0,No,
,5904002,18 HARVARD ST,,2018-015364PRJ,ADU,R,2018-11-08,0,0,0,0,0,1,0,1,1,0,No,
,2302042,2242 48TH AV,,2018-009506PRJ,ADU,R,2018-09-21,0,0,0,0,0,1,0,1,1,0,No,
,5307004,1510 NEWCOMB AV,,2018-013617PRJ,ADU,R,2018-09-28,0,0,0,0,0,1,0,1,1,0,No,
,5803018,26 CRESCENT AV,,2018-013596PRJ,ADU,R,2018-10-03,0,0,0,0,0,1,0,1,1,0,No,
,7538039,62 LAIDLEY ST,,2018-013932PRJ,SFD,O,2018-08-08,0,0,0,0,0,0,1,1,1,0,No,
,7212001B,3015 25TH AV,,2018-015404PRJ,ADU,R,2018-11-09,0,0,0,0,0,1,0,1,1,0,No,
,4791026,1391 SHAFTER AV,,2018-013922PRJ,ADU,R,2018-08-16,0,0,0,0,0,1,0,1,1,0,No,
,6411015,25 ROLPH ST,,2018-013357PRJ,ADU,R,2018-10-09,0,0,0,0,0,1,0,1,1,0,No,
,1049058,1805 DIVISADERO ST,,2018-016399PRJ,ADU,R,2018-11-29,0,0,0,0,0,1,0,1,1,0,No,
,6515009,370 BARTLETT ST,,2018-016396PRJ,ADU,R,2018-12-05,0,0,0,0,0,1,0,1,1,0,No,
,2504A001D,2719 35TH AV,,2018-017063PRJ,ADU,R,2018-12-19,0,0,0,0,0,1,0,1,1,0,No,
,4262022,2443 24TH ST,,2018-014325PRJ,ADU,R,2018-10-19,0,0,0,0,0,1,0,1,1,0,No,
,1030034,3039 CALIFORNIA ST,,2018-016358PRJ,ADU,R,2018-11-07,0,0,0,0,0,1,0,1,1,0,No,
,3273021,725 DARIEN WY,,2018-002449PRJ,ADU,R,2018-02-09,0,0,0,0,0,1,0,1,1,0,No,
,5387018A,1519 VAN DYKE AV,,2018-016528PRJ,ADU,R,2018-12-07,0,0,0,0,0,1,0,1,1,0,No,
,5940019,275 HARVARD ST,,2018-015571PRJ,ADU,R,2018-11-09,0,0,0,0,0,1,0,1,1,0,No,
,1567007A,651 24TH AV,,2018-016413PRJ,2 to 4,O,2018-10-19,0,0,0,0,0,0,1,1,1,0,No,
,6089025,547 EDINBURG ST,,2018-016508PRJ,ADU,R,2018-12-07,0,0,0,0,0,1,0,1,1,0,No,
,0100059,36 ALADDIN TR,,2018-016653PRJ,2 to 4,O,2018-12-10,0,0,0,0,0,0,1,1,1,0,No,
,1859A011D,70 LURLINE ST,,2018-017111PRJ,ADU,R,2018-12-20,0,0,0,0,0,1,0,1,1,0,No,
,0827018,522 STEINER ST,,2018-016444PRJ,ADU,R,2018-12-06,0,0,0,0,0,1,0,1,1,0,No,
,0251026,1363 CALIFORNIA ST,,2018-016873PRJ,ADU,R,2018-12-13,0,0,0,0,0,1,0,1,1,0,No,
,5404050,132 APOLLO ST,,2018-016468PRJ,ADU,R,2018-12-06,0,0,0,0,0,1,0,1,1,0,No,
,1177024,636 LYON ST,,2018-016168PRJ,2 to 4,O,2018-11-29,0,0,0,0,0,0,1,1,1,0,No,
,1576009,3214 BALBOA ST,,2018-008276PRJ,ADU,R,2018-12-11,0,0,0,0,0,1,0,1,1,0,No,
,1413030,250 21ST AV,,2018-016244PRJ,ADU,R,2018-12-03,0,0,0,0,0,1,0,1,1,0,No,
,6191048,407 WILDE AV,,2018-015479PRJ,ADU,R,2018-11-13,0,0,0,0,0,1,0,1,1,0,No,
,7121020,70 RALSTON ST,,2018-016045PRJ,ADU,R,2018-11-28,0,0,0,0,0,1,0,1,1,0,No,
,0157022,1606 JONES ST,,2018-016554PRJ,ADU,R,2018-12-06,0,0,0,0,0,1,0,1,1,0,No,
,3502078,50 ELGIN PK,,2018-016456PRJ,2 to 4,O,2018-11-27,0,0,0,0,0,0,1,1,1,0,No,
,4259056,1330 DE HARO ST,,2018-017176PRJ,2 to 4,O,2018-12-07,0,0,0,0,0,0,1,1,1,0,No,
,5721051,314 PARK ST,,2018-017184PRJ,2 to 4,O,2018-12-10,0,0,0,0,0,0,1,1,1,0,No,
,7040A015,315 MOUNT VERNON AV,,2018-012638PRJ,ADU,R,2018-11-19,0,0,0,0,0,1,0,1,1,0,No,
,3577047,60 DEARBORN ST,,2018-016126PRJ,ADU,R,2018-11-27,0,0,0,0,0,1,0,1,1,0,No,
,6522019,2888 HARRISON ST,,2018-016756PRJ,ADU,R,2018-06-28,0,0,0,0,0,1,0,1,1,0,No,
,1738040,1222 FUNSTON AV,,2018-015239PRJ,SFD,O,2018-12-11,0,0,0,0,0,0,1,1,1,0,No,
,7137014,238 SAGAMORE ST,,2018-015823PRJ,ADU,R,2018-11-05,0,0,0,0,0,1,0,1,1,0,No,
,6555019,4250 26TH ST,,2018-002508PRJ,SFD,O,2018-02-14,0,0,0,0,0,0,1,1,1,0,No,
,2004022,1789 45TH AV,,2016-004368PRJ,SFD,O,2018-12-12,0,0,0,0,0,0,1,1,1,0,No,
,7006010,447 RAMSELL ST,,2018-016610PRJ,ADU,R,2018-12-04,0,0,0,0,0,1,0,1,1,0,No,
,1720016,1277 30TH AV,,2018-016314PRJ,ADU,R,2018-12-04,0,0,0,0,0,1,0,1,1,0,No,
,3212020B,374 DELANO AV,,2018-016612PRJ,ADU,R,2018-12-11,0,0,0,0,0,1,0,1,1,0,No,
,3731093,151 RUSS ST,,2018-015460PRJ,ADU,R,2018-11-13,0,0,0,0,0,1,0,1,1,0,No,
,2045017,1895 08TH AV,,2018-012159PRJ,ADU,R,2018-08-23,0,0,0,0,0,1,0,1,1,0,No,
,1042009,51 IRIS AV,,2018-015270PRJ,ADU,R,2018-11-07,0,0,0,0,0,1,0,1,1,0,No,
,2197006B,1145 QUINTARA ST,,2018-015896PRJ,ADU,R,2018-11-21,0,0,0,0,0,1,0,1,1,0,No,
,1713009,1247 37TH AV,,2018-017229PRJ,ADU,R,2018-12-26,0,0,0,0,0,1,0,1,1,0,No,
,7159013,21 REGENT ST,,2018-014558PRJ,ADU,R,2018-11-21,0,0,0,0,0,1,0,1,1,0,No,
,6343013A,778 MADRID ST,,2018-016433PRJ,ADU,R,2018-12-06,0,0,0,0,0,1,0,1,1,0,No,
,1918027,1682 26TH AV,,2018-012999PRJ,ADU,R,2018-08-27,0,0,0,0,0,1,0,1,1,0,No,
,2936A028,68 ROCKWOOD CT,,2018-016050PRJ,ADU,R,2018-12-27,0,0,0,0,0,1,0,1,1,0,No,
,5297001,1701 LA SALLE AV,,2018-001828PRL,ADU,R,2018-02-02,0,0,0,0,0,1,0,1,1,0,No,
,5305042,1711 MCKINNON AV,,2018-009057PRL,2 to 4,O,2018-06-27,0,0,0,0,0,0,1,1,1,0,No,
,1622022,2130 CABRILLO ST,,2018-005496PRL,2 to 4,O,2018-04-11,0,0,0,0,0,0,1,1,1,0,No,
,0119007,1717 MASON ST,,2018-000610PRL,5+,R,2018-01-05,0,0,0,0,0,0,1,1,1,0,No,
,0076022,1932 POWELL ST,,2018-001654PRL,2 to 4,O,2018-01-16,0,0,0,0,0,0,1,1,1,0,No,
,6946057,2 GENEVA AV,,2018-002023PRL,5+,R,2018-01-31,0,0,0,0,0,0,1,1,1,0,No,
,1730037,1230 21ST AV,,2018-003079PRL,ADU,R,2018-03-02,0,0,0,0,0,1,0,1,1,0,No,
,1222011,1438 PAGE ST,,2018-005846PRL,5+,R,2018-01-23,0,0,0,0,0,0,1,1,1,0,No,
,0186013,1720 LARKIN ST,,2018-007759PRL,2 to 4,O,2018-05-29,0,0,0,0,0,0,1,1,1,0,No,
,4217025,1219 RHODE ISLAND ST,,2018-008834PRL,2 to 4,O,2018-06-21,0,0,0,0,0,0,1,1,1,0,No,
,4217025,1219 RHODE ISLAND ST,,2018-002936PRL,2 to 4,O,2018-02-27,0,0,0,0,0,0,1,1,1,0,No,
,1778022,1838 JUDAH ST,,2018-001860PRL,2 to 4,O,2018-02-01,0,0,0,0,0,0,1,1,1,0,No,
,2650010,74 EUREKA ST,,2018-002181PRL,2 to 4,O,2018-02-02,0,0,0,0,0,0,1,1,1,0,No,
,3620082,335 HILL ST,,2018-009658PRL,ADU,R,2018-07-12,0,0,0,0,0,1,0,1,1,0,No,
,6522023,3140 25TH ST,,2018-003997PRL,2 to 4,O,2018-03-21,0,0,0,0,0,0,1,1,1,0,No,
,1649001A,707 06TH AV,,2018-001430PRL,2 to 4,O,2018-01-25,0,0,0,0,0,0,1,1,1,0,No,
,6521029,2863 FOLSOM ST,,2018-004205PRL,2 to 4,O,2018-02-15,0,0,0,0,0,0,1,1,1,0,No,
,6521030,2857 FOLSOM ST,,2018-004210PRL,2 to 4,O,2018-02-15,0,0,0,0,0,0,1,1,1,0,No,
,1233016,1352 HAIGHT ST,,2018-007139PRL,2 to 4,O,2018-05-14,0,0,0,0,0,0,1,1,1,0,No,
,3548072,1376 NATOMA ST,,2018-011118PRL,2 to 4,O,2018-04-02,0,0,0,0,0,0,1,1,1,0,No,
,1431006,233 02ND AV,,2018-011706PRL,2 to 4,O,2018-08-23,0,0,0,0,0,0,1,1,1,0,No,
,0825040,900 OAK ST,,2018-013108PRL,ADU,R,2018-09-24,0,0,0,0,0,1,0,1,1,0,No,
,2805009,720 ELIZABETH ST,,2018-013126PRL,2 to 4,O,2018-09-25,0,0,0,0,0,0,1,1,1,0,No,
,3548071,1370 NATOMA ST,,2018-011119PRL,2 to 4,O,2018-04-02,0,0,0,0,0,0,1,1,1,0,No,
,2626005,32 ORD ST,,2018-012614PRL,2 to 4,O,2018-09-13,0,0,0,0,0,0,1,1,1,0,No,
,1798044,1326 44TH AV,,2018-012064PRL,2 to 4,O,2018-07-25,0,0,0,0,0,0,1,1,1,0,No,
,6516011A,381 BARTLETT ST,,2018-014596PRL,2 to 4,O,2018-10-25,0,0,0,0,0,0,1,1,1,0,No,
,1151009,1910 GOLDEN GATE AV,,2018-014973PRL,2 to 4,O,2018-11-01,0,0,0,0,0,0,1,1,1,0,No,
,5306008,1668 NEWCOMB AV,,2018-015470PRL,ADU,R,2018-11-07,0,0,0,0,0,1,0,1,1,0,No,
,1832023,1494 22ND AV,,2018-013329PRL,2 to 4,O,2018-08-24,0,0,0,0,0,0,1,1,1,0,No,
,2081005,1863 44TH AV,,2019-000229PRL,ADU,R,2018-12-17,0,0,0,0,0,1,0,1,1,0,No,
,1203013,1152 FELL ST,,2018-015824PRL,2 to 4,O,2018-11-20,0,0,0,0,0,0,1,1,1,0,No,
,1767023B,748 JUDAH ST,,2018-016443PRL,2 to 4,O,2018-11-19,0,0,0,0,0,0,1,1,1,0,No,
,3084008,842 MONTEREY BL,,2018-017069PRL,ADU,R,2018-12-18,0,0,0,0,0,1,0,1,1,0,No,
,1418037,240 16TH AV,,2018-017242PRL,2 to 4,O,2018-11-16,0,0,0,0,0,0,1,1,1,0,No,
,6527002,111 CYPRESS ST,,2018-017314PRL,5+,R,2018-09-13,0,0,0,0,0,0,1,1,1,0,No,
,3540081,941 14TH ST,,2018-016754PRL,2 to 4,O,2018-12-10,0,0,0,0,0,0,1,1,1,0,No,
,1755019,1266 07TH AV,,2018-016445PRL,2 to 4,O,2018-11-15,0,0,0,0,0,0,1,1,1,0,No,
,1288018,1208 STANYAN ST,,2018-016038PRL,2 to 4,O,2018-11-07,0,0,0,0,0,0,1,1,1,0,No,
,0092005,30 ROACH ST,,2018-003364PRJ,ADU,R,2018-03-02,0,0,0,0,0,1,0,1,1,0,No,
,4914013,2847 INGALLS ST,,2018-004672PRJ,2 to 4,O,2018-01-22,0,0,0,0,0,0,1,1,1,0,No,
,4914013,2847 INGALLS ST,,2018-004672PRJ,SFD,O,2018-01-22,0,0,0,0,0,0,1,1,1,0,No,
,1240007,820 WALLER ST,,2018-005375PRJ,ADU,R,2018-01-25,0,0,0,0,0,1,0,1,1,0,No,
,7084001,195 RALSTON ST,,2018-006393PRJ,ADU,R,2018-04-26,0,0,0,0,0,1,0,1,1,0,No,
,0221032,1263 CLAY ST,,2018-006863PRJ,SFD,O,2018-09-17,0,0,0,0,0,0,1,1,1,0,No,
,2706025,66 MOUNTAIN SPRING AV,,2018-007763PRJ,SFD,O,2018-05-17,0,0,0,0,0,0,1,1,1,0,No,
,6946057,2 GENEVA AV,,2018-008717PRJ,ADU,R,2018-06-14,0,0,0,0,0,1,0,1,1,0,No,
,6946057,2 GENEVA AV,,2018-008717PRJ,ADU,R,2018-06-27,0,0,0,0,0,1,0,1,1,0,No,
,1204032,1359 HAYES ST,,2018-009103PRJ,ADU,R,2018-05-17,0,0,0,0,0,1,0,1,1,0,No,
,1431032,248 03RD AV,,2018-009945PRJ,ADU,R,2018-07-05,0,0,0,0,0,1,0,1,1,0,No,
,1431032,248 03RD AV,,2018-009945PRJ,ADU,R,2018-07-05,0,0,0,0,0,1,0,1,1,0,No,
,0114034,379 UNION ST,,2018-011294PRJ,ADU,R,2018-08-16,0,0,0,0,0,1,0,1,1,0,No,
,4971006,922 JAMESTOWN AV,,2018-012820PRJ,SFD,O,2018-09-14,0,0,0,0,0,0,1,1,1,0,No,
,1860A007,1557 FUNSTON AV,,2018-013234PRJ,SFD,O,2018-09-25,0,0,0,0,0,0,1,1,1,0,No,
,6763001,89 NORDHOFF ST,,2018-015554PRJ,SFD,O,2018-11-14,0,0,0,0,0,0,1,1,1,0,No,
,6763001,89 NORDHOFF ST,,2018-015554PRJ,SFD,O,2018-11-14,0,0,0,0,0,0,1,1,1,0,No,
,0588019,2373 PACIFIC AV,,2018-017043PRJ,ADU,R,2018-12-19,0,0,0,0,0,1,0,1,1,0,No,
,0588019,2373 PACIFIC AV,,2018-017043PRJ,ADU,R,2018-12-19,0,0,0,0,0,1,0,1,1,0,No,
,2123A017,445 ORTEGA ST,,2018-017222PRJ,SFD,O,2018-12-14,0,0,0,0,0,0,1,1,1,0,No,
,2123A017,445 ORTEGA ST,,2018-017222PRJ,SFD,O,2018-12-14,0,0,0,0,0,0,1,1,1,0,No,
,2123A017,445 ORTEGA ST,,2018-017222PRJ,SFD,O,2018-12-14,0,0,0,0,0,0,1,1,1,0,No,
